ride_id,schedule_id,bus_id,stop_id,onboard,offboard,time_stamp
1,1,DJS567,BUS269,5,0,"2020-06-04 09:00:00"
2,1,DJS567,BUS546N,4,3,"2020-06-04 09:03:00"
3,1,DJS567,BUS451,3,5,"2020-06-04 09:05:00"
4,1,DJS567,BUS324,6,3,"2020-06-04 09:06:00"
5,1,DJS567,BUS133,5,5,"2020-06-04 09:08:00"
6,1,DJS567,BUS239,4,3,"2020-06-04 09:10:00"
7,1,DJS567,BUS928SE,4,0,"2020-06-04 09:11:00"
8,1,DJS567,BUS541,5,0,"2020-06-04 09:13:00"
9,1,DJS567,BUS564,6,3,"2020-06-04 09:15:00"
10,1,DJS567,BUS651,6,5,"2020-06-04 09:16:00"
11,1,DJS567,BUS683,6,3,"2020-06-04 09:18:00"
12,1,DJS567,BUS825,4,2,"2020-06-04 09:20:00"
13,1,DJS567,BUS301N,4,2,"2020-06-04 09:21:00"
14,1,DJS567,BUS871,1,3,"2020-06-04 09:23:00"
15,1,DJS567,BUS403,2,2,"2020-06-04 09:25:00"
16,1,DJS567,BUS375W,3,3,"2020-06-04 09:26:00"
17,1,DJS567,BUS525,5,0,"2020-06-04 09:28:00"
18,1,DJS567,BUS322,3,4,"2020-06-04 09:30:00"
19,1,DJS567,BUS771,6,6,"2020-06-04 09:31:00"
20,1,DJS567,BUS987SE,5,6,"2020-06-04 09:33:00"
21,1,DJS567,BUS548NE,2,1,"2020-06-04 09:35:00"
22,1,DJS567,BUS257,7,4,"2020-06-04 09:36:00"
23,1,DJS567,BUS231N,3,5,"2020-06-04 09:38:00"
24,1,DJS567,BUS681,0,3,"2020-06-04 09:40:00"
25,1,DJS567,BUS626SE,6,6,"2020-06-04 09:41:00"
26,1,DJS567,BUS309,0,2,"2020-06-04 09:43:00"
27,1,DJS567,BUS971,1,4,"2020-06-04 09:45:00"
28,1,DJS567,BUS528,3,3,"2020-06-04 09:46:00"
29,1,DJS567,BUS375SW,4,6,"2020-06-04 09:48:00"
30,1,DJS567,BUS630,1,6,"2020-06-04 09:50:00"
31,1,DJS567,BUS409,4,10,"2020-06-04 09:51:00"
32,1,DJS567,BUS739,5,8,"2020-06-04 09:53:00"
33,1,DJS567,BUS982,5,5,"2020-06-04 09:55:00"
34,1,DJS567,BUS188,4,4,"2020-06-04 09:56:00"
35,1,DJS567,BUS694NE,0,7,"2020-06-04 09:00:00"
36,10,DJS567,BUS269,4,5,"2020-06-04 09:01:00"
37,10,DJS567,BUS546N,1,1,"2020-06-04 09:05:00"
38,10,DJS567,BUS451,0,4,"2020-06-04 09:06:00"
39,10,DJS567,BUS324,3,0,"2020-06-04 09:08:00"
40,10,DJS567,BUS133,0,4,"2020-06-04 09:10:00"
41,10,DJS567,BUS239,0,1,"2020-06-04 09:11:00"
42,10,DJS567,BUS928SE,3,5,"2020-06-04 09:13:00"
43,10,DJS567,BUS541,3,0,"2020-06-04 09:15:00"
44,10,DJS567,BUS564,2,2,"2020-06-04 09:16:00"
45,10,DJS567,BUS651,5,0,"2020-06-04 09:18:00"
46,10,DJS567,BUS683,6,5,"2020-06-04 09:20:00"
47,10,DJS567,BUS825,1,2,"2020-06-04 09:21:00"
48,10,DJS567,BUS301N,3,1,"2020-06-04 09:23:00"
49,10,DJS567,BUS871,3,3,"2020-06-04 09:25:00"
50,10,DJS567,BUS403,2,1,"2020-06-04 09:26:00"
51,10,DJS567,BUS375W,1,2,"2020-06-04 09:28:00"
52,10,DJS567,BUS525,1,0,"2020-06-04 09:30:00"
53,10,DJS567,BUS322,4,4,"2020-06-04 09:31:00"
54,10,DJS567,BUS771,1,0,"2020-06-04 09:33:00"
55,10,DJS567,BUS987SE,0,3,"2020-06-04 09:35:00"
56,10,DJS567,BUS548NE,3,6,"2020-06-04 09:36:00"
57,10,DJS567,BUS257,6,1,"2020-06-04 09:38:00"
58,10,DJS567,BUS231N,2,0,"2020-06-04 09:40:00"
59,10,DJS567,BUS681,6,3,"2020-06-04 09:41:00"
60,10,DJS567,BUS626SE,5,3,"2020-06-04 09:43:00"
61,10,DJS567,BUS309,6,4,"2020-06-04 09:45:00"
62,10,DJS567,BUS971,0,4,"2020-06-04 09:46:00"
63,10,DJS567,BUS528,6,0,"2020-06-04 09:48:00"
64,10,DJS567,BUS375SW,1,4,"2020-06-04 09:50:00"
65,10,DJS567,BUS630,5,1,"2020-06-04 09:51:00"
66,10,DJS567,BUS409,2,6,"2020-06-04 09:53:00"
67,10,DJS567,BUS739,0,2,"2020-06-04 09:55:00"
68,10,DJS567,BUS982,0,4,"2020-06-04 09:56:00"
69,10,DJS567,BUS188,6,5,"2020-06-04 10:00:00"
70,10,DJS567,BUS694NE,4,5,"2020-06-04 10:01:00"
71,37,DJS567,BUS269,4,3,"2020-06-04 10:03:00"
72,37,DJS567,BUS546N,1,0,"2020-06-04 10:06:00"
73,37,DJS567,BUS451,0,2,"2020-06-04 10:08:00"
74,37,DJS567,BUS324,3,0,"2020-06-04 10:10:00"
75,37,DJS567,BUS133,0,2,"2020-06-04 10:11:00"
76,37,DJS567,BUS239,0,1,"2020-06-04 10:13:00"
77,37,DJS567,BUS928SE,3,2,"2020-06-04 10:15:00"
78,37,DJS567,BUS541,3,0,"2020-06-04 10:16:00"
79,37,DJS567,BUS564,2,2,"2020-06-04 10:18:00"
80,37,DJS567,BUS651,5,0,"2020-06-04 10:20:00"
81,37,DJS567,BUS683,2,2,"2020-06-04 10:21:00"
82,37,DJS567,BUS825,1,2,"2020-06-04 10:23:00"
83,37,DJS567,BUS301N,3,1,"2020-06-04 10:25:00"
84,37,DJS567,BUS871,3,3,"2020-06-04 10:26:00"
85,37,DJS567,BUS403,2,1,"2020-06-04 10:28:00"
86,37,DJS567,BUS375W,1,2,"2020-06-04 10:30:00"
87,37,DJS567,BUS525,1,0,"2020-06-04 10:31:00"
88,37,DJS567,BUS322,2,2,"2020-06-04 10:33:00"
89,37,DJS567,BUS771,1,0,"2020-06-04 10:35:00"
90,37,DJS567,BUS987SE,0,3,"2020-06-04 10:36:00"
91,37,DJS567,BUS548NE,3,6,"2020-06-04 10:38:00"
92,37,DJS567,BUS257,6,1,"2020-06-04 10:40:00"
93,37,DJS567,BUS231N,2,0,"2020-06-04 10:41:00"
94,37,DJS567,BUS681,6,3,"2020-06-04 10:43:00"
95,37,DJS567,BUS626SE,5,3,"2020-06-04 10:45:00"
96,37,DJS567,BUS309,6,4,"2020-06-04 10:46:00"
97,37,DJS567,BUS971,0,4,"2020-06-04 10:48:00"
98,37,DJS567,BUS528,6,0,"2020-06-04 10:50:00"
99,37,DJS567,BUS375SW,1,4,"2020-06-04 10:51:00"
100,37,DJS567,BUS630,5,1,"2020-06-04 10:53:00"
101,37,DJS567,BUS409,2,6,"2020-06-04 10:55:00"
102,37,DJS567,BUS739,0,2,"2020-06-04 10:56:00"
103,37,DJS567,BUS982,0,4,"2020-06-04 10:00:00"
104,37,DJS567,BUS188,6,5,"2020-06-04 10:01:00"
105,37,DJS567,BUS694NE,4,5,"2020-06-04 10:03:00"
106,64,DJS567,BUS269,1,0,"2020-06-04 10:05:00"
107,64,DJS567,BUS546N,1,0,"2020-06-04 10:08:00"
108,64,DJS567,BUS451,0,2,"2020-06-04 10:10:00"
109,64,DJS567,BUS324,2,0,"2020-06-04 10:11:00"
110,64,DJS567,BUS133,0,2,"2020-06-04 10:13:00"
111,64,DJS567,BUS239,4,1,"2020-06-04 10:15:00"
112,64,DJS567,BUS928SE,1,1,"2020-06-04 10:16:00"
113,64,DJS567,BUS541,3,0,"2020-06-04 10:18:00"
114,64,DJS567,BUS564,2,2,"2020-06-04 10:20:00"
115,64,DJS567,BUS651,5,0,"2020-06-04 10:21:00"
116,64,DJS567,BUS683,2,2,"2020-06-04 10:23:00"
117,64,DJS567,BUS825,1,2,"2020-06-04 10:25:00"
118,64,DJS567,BUS301N,3,1,"2020-06-04 10:26:00"
119,64,DJS567,BUS871,3,3,"2020-06-04 10:28:00"
120,64,DJS567,BUS403,2,1,"2020-06-04 10:30:00"
121,64,DJS567,BUS375W,1,2,"2020-06-04 10:31:00"
122,64,DJS567,BUS525,1,0,"2020-06-04 10:33:00"
123,64,DJS567,BUS322,2,2,"2020-06-04 10:35:00"
124,64,DJS567,BUS771,1,0,"2020-06-04 10:36:00"
125,64,DJS567,BUS987SE,0,3,"2020-06-04 10:38:00"
126,64,DJS567,BUS548NE,3,6,"2020-06-04 10:40:00"
127,64,DJS567,BUS257,6,1,"2020-06-04 10:41:00"
128,64,DJS567,BUS231N,2,0,"2020-06-04 10:43:00"
129,64,DJS567,BUS681,6,3,"2020-06-04 10:45:00"
130,64,DJS567,BUS626SE,5,3,"2020-06-04 10:46:00"
131,64,DJS567,BUS309,6,4,"2020-06-04 10:48:00"
132,64,DJS567,BUS971,0,4,"2020-06-04 10:50:00"
133,64,DJS567,BUS528,6,0,"2020-06-04 10:51:00"
134,64,DJS567,BUS375SW,1,4,"2020-06-04 10:53:00"
135,64,DJS567,BUS630,5,1,"2020-06-04 10:55:00"
136,64,DJS567,BUS409,2,6,"2020-06-04 10:56:00"
137,64,DJS567,BUS739,0,2,"2020-06-04 11:00:00"
138,64,DJS567,BUS982,0,4,"2020-06-04 11:01:00"
139,64,DJS567,BUS188,6,5,"2020-06-04 11:03:00"
140,64,DJS567,BUS694NE,4,5,"2020-06-04 11:05:00"
141,82,DJS567,BUS269,1,0,"2020-06-04 11:06:00"
142,82,DJS567,BUS546N,1,0,"2020-06-04 11:10:00"
143,82,DJS567,BUS451,0,2,"2020-06-04 11:11:00"
144,82,DJS567,BUS324,0,0,"2020-06-04 11:13:00"
145,82,DJS567,BUS133,3,2,"2020-06-04 11:15:00"
146,82,DJS567,BUS239,0,1,"2020-06-04 11:16:00"
147,82,DJS567,BUS928SE,1,1,"2020-06-04 11:18:00"
148,82,DJS567,BUS541,3,0,"2020-06-04 11:20:00"
149,82,DJS567,BUS564,2,2,"2020-06-04 11:21:00"
150,82,DJS567,BUS651,5,0,"2020-06-04 11:23:00"
151,82,DJS567,BUS683,2,2,"2020-06-04 11:25:00"
152,82,DJS567,BUS825,1,2,"2020-06-04 11:26:00"
153,82,DJS567,BUS301N,3,1,"2020-06-04 11:28:00"
154,82,DJS567,BUS871,2,3,"2020-06-04 11:30:00"
155,82,DJS567,BUS403,2,1,"2020-06-04 11:31:00"
156,82,DJS567,BUS375W,1,2,"2020-06-04 11:33:00"
157,82,DJS567,BUS525,1,0,"2020-06-04 11:35:00"
158,82,DJS567,BUS322,2,2,"2020-06-04 11:36:00"
159,82,DJS567,BUS771,1,0,"2020-06-04 11:38:00"
160,82,DJS567,BUS987SE,0,3,"2020-06-04 11:40:00"
161,82,DJS567,BUS548NE,3,6,"2020-06-04 11:41:00"
162,82,DJS567,BUS257,6,1,"2020-06-04 11:43:00"
163,82,DJS567,BUS231N,2,0,"2020-06-04 11:45:00"
164,82,DJS567,BUS681,6,3,"2020-06-04 11:46:00"
165,82,DJS567,BUS626SE,5,3,"2020-06-04 11:48:00"
166,82,DJS567,BUS309,6,4,"2020-06-04 11:50:00"
167,82,DJS567,BUS971,0,4,"2020-06-04 11:51:00"
168,82,DJS567,BUS528,6,0,"2020-06-04 11:53:00"
169,82,DJS567,BUS375SW,1,4,"2020-06-04 11:55:00"
170,82,DJS567,BUS630,5,1,"2020-06-04 11:56:00"
171,82,DJS567,BUS409,2,6,"2020-06-04 11:00:00"
172,82,DJS567,BUS739,0,2,"2020-06-04 11:01:00"
173,82,DJS567,BUS982,0,4,"2020-06-04 11:03:00"
174,82,DJS567,BUS188,6,5,"2020-06-04 11:05:00"
175,82,DJS567,BUS694NE,4,5,"2020-06-04 11:06:00"
176,100,DJS567,BUS269,1,0,"2020-06-04 11:08:00"
177,100,DJS567,BUS546N,1,0,"2020-06-04 11:11:00"
178,100,DJS567,BUS451,0,2,"2020-06-04 11:13:00"
179,100,DJS567,BUS324,0,0,"2020-06-04 11:15:00"
180,100,DJS567,BUS133,4,2,"2020-06-04 11:16:00"
181,100,DJS567,BUS239,0,1,"2020-06-04 11:18:00"
182,100,DJS567,BUS928SE,1,1,"2020-06-04 11:20:00"
183,100,DJS567,BUS541,3,0,"2020-06-04 11:21:00"
184,100,DJS567,BUS564,2,2,"2020-06-04 11:23:00"
185,100,DJS567,BUS651,5,0,"2020-06-04 11:25:00"
186,100,DJS567,BUS683,2,2,"2020-06-04 11:26:00"
187,100,DJS567,BUS825,1,2,"2020-06-04 11:28:00"
188,100,DJS567,BUS301N,3,1,"2020-06-04 11:30:00"
189,100,DJS567,BUS871,2,3,"2020-06-04 11:31:00"
190,100,DJS567,BUS403,2,1,"2020-06-04 11:33:00"
191,100,DJS567,BUS375W,1,2,"2020-06-04 11:35:00"
192,100,DJS567,BUS525,1,0,"2020-06-04 11:36:00"
193,100,DJS567,BUS322,2,2,"2020-06-04 11:38:00"
194,100,DJS567,BUS771,1,0,"2020-06-04 11:40:00"
195,100,DJS567,BUS987SE,0,3,"2020-06-04 11:41:00"
196,100,DJS567,BUS548NE,3,6,"2020-06-04 11:43:00"
197,100,DJS567,BUS257,6,1,"2020-06-04 11:45:00"
198,100,DJS567,BUS231N,2,0,"2020-06-04 11:46:00"
199,100,DJS567,BUS681,6,3,"2020-06-04 11:48:00"
200,100,DJS567,BUS626SE,5,3,"2020-06-04 11:50:00"
201,100,DJS567,BUS309,6,4,"2020-06-04 11:51:00"
202,100,DJS567,BUS971,0,4,"2020-06-04 11:53:00"
203,100,DJS567,BUS528,6,0,"2020-06-04 11:55:00"
204,100,DJS567,BUS375SW,1,4,"2020-06-04 11:56:00"
205,100,DJS567,BUS630,5,1,"2020-06-04 12:00:00"
206,100,DJS567,BUS409,2,6,"2020-06-04 12:01:00"
207,100,DJS567,BUS739,0,2,"2020-06-04 12:03:00"
208,100,DJS567,BUS982,0,4,"2020-06-04 12:05:00"
209,100,DJS567,BUS188,6,5,"2020-06-04 12:06:00"
210,100,DJS567,BUS694NE,4,5,"2020-06-04 12:08:00"
211,109,DJS567,BUS269,5,0,"2020-06-04 12:10:00"
212,109,DJS567,BUS546N,4,3,"2020-06-04 12:13:00"
213,109,DJS567,BUS451,3,5,"2020-06-04 12:15:00"
214,109,DJS567,BUS324,6,3,"2020-06-04 12:16:00"
215,109,DJS567,BUS133,5,5,"2020-06-04 12:18:00"
216,109,DJS567,BUS239,4,3,"2020-06-04 12:20:00"
217,109,DJS567,BUS928SE,4,0,"2020-06-04 12:21:00"
218,109,DJS567,BUS541,5,4,"2020-06-04 12:23:00"
219,109,DJS567,BUS564,3,3,"2020-06-04 12:25:00"
220,109,DJS567,BUS651,6,5,"2020-06-04 12:26:00"
221,109,DJS567,BUS683,6,3,"2020-06-04 12:28:00"
222,109,DJS567,BUS825,4,3,"2020-06-04 12:30:00"
223,109,DJS567,BUS301N,4,2,"2020-06-04 12:31:00"
224,109,DJS567,BUS871,3,3,"2020-06-04 12:33:00"
225,109,DJS567,BUS403,2,2,"2020-06-04 12:35:00"
226,109,DJS567,BUS375W,3,3,"2020-06-04 12:36:00"
227,109,DJS567,BUS525,5,1,"2020-06-04 12:38:00"
228,109,DJS567,BUS322,2,3,"2020-06-04 12:40:00"
229,109,DJS567,BUS771,6,6,"2020-06-04 12:41:00"
230,109,DJS567,BUS987SE,5,6,"2020-06-04 12:43:00"
231,109,DJS567,BUS548NE,2,1,"2020-06-04 12:45:00"
232,109,DJS567,BUS257,7,4,"2020-06-04 12:46:00"
233,109,DJS567,BUS231N,3,5,"2020-06-04 12:48:00"
234,109,DJS567,BUS681,0,3,"2020-06-04 12:50:00"
235,109,DJS567,BUS626SE,6,6,"2020-06-04 12:51:00"
236,109,DJS567,BUS309,0,2,"2020-06-04 12:53:00"
237,109,DJS567,BUS971,1,4,"2020-06-04 12:55:00"
238,109,DJS567,BUS528,3,3,"2020-06-04 12:56:00"
239,109,DJS567,BUS375SW,2,4,"2020-06-04 12:00:00"
240,109,DJS567,BUS630,0,5,"2020-06-04 12:01:00"
241,109,DJS567,BUS409,4,10,"2020-06-04 12:03:00"
242,109,DJS567,BUS739,5,8,"2020-06-04 12:05:00"
243,109,DJS567,BUS982,5,5,"2020-06-04 12:06:00"
244,109,DJS567,BUS188,3,3,"2020-06-04 12:08:00"
245,109,DJS567,BUS694NE,0,0,"2020-06-04 12:10:00"
246,136,DJS567,BUS269,5,0,"2020-06-04 12:11:00"
247,136,DJS567,BUS546N,4,3,"2020-06-04 12:15:00"
248,136,DJS567,BUS451,3,5,"2020-06-04 12:16:00"
249,136,DJS567,BUS324,6,3,"2020-06-04 12:18:00"
250,136,DJS567,BUS133,5,5,"2020-06-04 12:20:00"
251,136,DJS567,BUS239,4,3,"2020-06-04 12:21:00"
252,136,DJS567,BUS928SE,4,0,"2020-06-04 12:23:00"
253,136,DJS567,BUS541,5,0,"2020-06-04 12:25:00"
254,136,DJS567,BUS564,6,3,"2020-06-04 12:26:00"
255,136,DJS567,BUS651,6,5,"2020-06-04 12:28:00"
256,136,DJS567,BUS683,6,3,"2020-06-04 12:30:00"
257,136,DJS567,BUS825,4,3,"2020-06-04 12:31:00"
258,136,DJS567,BUS301N,4,2,"2020-06-04 12:33:00"
259,136,DJS567,BUS871,3,3,"2020-06-04 12:35:00"
260,136,DJS567,BUS403,2,2,"2020-06-04 12:36:00"
261,136,DJS567,BUS375W,5,0,"2020-06-04 12:38:00"
262,136,DJS567,BUS525,5,1,"2020-06-04 12:40:00"
263,136,DJS567,BUS322,3,4,"2020-06-04 12:41:00"
264,136,DJS567,BUS771,6,6,"2020-06-04 12:43:00"
265,136,DJS567,BUS987SE,5,6,"2020-06-04 12:45:00"
266,136,DJS567,BUS548NE,5,4,"2020-06-04 12:46:00"
267,136,DJS567,BUS257,3,5,"2020-06-04 12:48:00"
268,136,DJS567,BUS231N,3,5,"2020-06-04 12:50:00"
269,136,DJS567,BUS681,1,4,"2020-06-04 12:51:00"
270,136,DJS567,BUS626SE,6,6,"2020-06-04 12:53:00"
271,136,DJS567,BUS309,0,2,"2020-06-04 12:55:00"
272,136,DJS567,BUS971,1,4,"2020-06-04 12:56:00"
273,136,DJS567,BUS528,3,3,"2020-06-04 13:00:00"
274,136,DJS567,BUS375SW,1,3,"2020-06-04 13:01:00"
275,136,DJS567,BUS630,0,5,"2020-06-04 13:03:00"
276,136,DJS567,BUS409,4,10,"2020-06-04 13:05:00"
277,136,DJS567,BUS739,5,8,"2020-06-04 13:06:00"
278,136,DJS567,BUS982,5,5,"2020-06-04 13:08:00"
279,136,DJS567,BUS188,4,4,"2020-06-04 13:10:00"
280,136,DJS567,BUS694NE,0,7,"2020-06-04 13:11:00"
281,163,DJS567,BUS269,5,0,"2020-06-04 13:13:00"
282,163,DJS567,BUS546N,4,3,"2020-06-04 13:16:00"
283,163,DJS567,BUS451,3,5,"2020-06-04 13:18:00"
284,163,DJS567,BUS324,6,3,"2020-06-04 13:20:00"
285,163,DJS567,BUS133,5,5,"2020-06-04 13:21:00"
286,163,DJS567,BUS239,4,3,"2020-06-04 13:23:00"
287,163,DJS567,BUS928SE,0,0,"2020-06-04 13:25:00"
288,163,DJS567,BUS541,5,0,"2020-06-04 13:26:00"
289,163,DJS567,BUS564,6,0,"2020-06-04 13:28:00"
290,163,DJS567,BUS651,3,4,"2020-06-04 13:30:00"
291,163,DJS567,BUS683,3,3,"2020-06-04 13:31:00"
292,163,DJS567,BUS825,4,3,"2020-06-04 13:33:00"
293,163,DJS567,BUS301N,4,2,"2020-06-04 13:35:00"
294,163,DJS567,BUS871,3,3,"2020-06-04 13:36:00"
295,163,DJS567,BUS403,2,2,"2020-06-04 13:38:00"
296,163,DJS567,BUS375W,3,3,"2020-06-04 13:40:00"
297,163,DJS567,BUS525,5,1,"2020-06-04 13:41:00"
298,163,DJS567,BUS322,3,1,"2020-06-04 13:43:00"
299,163,DJS567,BUS771,6,3,"2020-06-04 13:45:00"
300,163,DJS567,BUS987SE,5,6,"2020-06-04 13:46:00"
301,163,DJS567,BUS548NE,5,4,"2020-06-04 13:48:00"
302,163,DJS567,BUS257,7,4,"2020-06-04 13:50:00"
303,163,DJS567,BUS231N,3,5,"2020-06-04 13:51:00"
304,163,DJS567,BUS681,0,4,"2020-06-04 13:53:00"
305,163,DJS567,BUS626SE,6,6,"2020-06-04 13:55:00"
306,163,DJS567,BUS309,0,1,"2020-06-04 13:56:00"
307,163,DJS567,BUS971,1,4,"2020-06-04 13:00:00"
308,163,DJS567,BUS528,3,3,"2020-06-04 13:01:00"
309,163,DJS567,BUS375SW,4,6,"2020-06-04 13:03:00"
310,163,DJS567,BUS630,0,5,"2020-06-04 13:05:00"
311,163,DJS567,BUS409,4,10,"2020-06-04 13:06:00"
312,163,DJS567,BUS739,5,8,"2020-06-04 13:08:00"
313,163,DJS567,BUS982,5,5,"2020-06-04 13:10:00"
314,163,DJS567,BUS188,4,4,"2020-06-04 13:11:00"
315,163,DJS567,BUS694NE,0,7,"2020-06-04 13:13:00"
316,181,DJS567,BUS269,5,0,"2020-06-04 13:15:00"
317,181,DJS567,BUS546N,4,3,"2020-06-04 13:18:00"
318,181,DJS567,BUS451,3,5,"2020-06-04 13:20:00"
319,181,DJS567,BUS324,3,0,"2020-06-04 13:21:00"
320,181,DJS567,BUS133,5,5,"2020-06-04 13:23:00"
321,181,DJS567,BUS239,2,3,"2020-06-04 13:25:00"
322,181,DJS567,BUS928SE,4,0,"2020-06-04 13:26:00"
323,181,DJS567,BUS541,5,0,"2020-06-04 13:28:00"
324,181,DJS567,BUS564,6,1,"2020-06-04 13:30:00"
325,181,DJS567,BUS651,6,5,"2020-06-04 13:31:00"
326,181,DJS567,BUS683,6,3,"2020-06-04 13:33:00"
327,181,DJS567,BUS825,4,3,"2020-06-04 13:35:00"
328,181,DJS567,BUS301N,2,0,"2020-06-04 13:36:00"
329,181,DJS567,BUS871,1,3,"2020-06-04 13:38:00"
330,181,DJS567,BUS403,2,2,"2020-06-04 13:40:00"
331,181,DJS567,BUS375W,3,3,"2020-06-04 13:41:00"
332,181,DJS567,BUS525,5,1,"2020-06-04 13:43:00"
333,181,DJS567,BUS322,3,2,"2020-06-04 13:45:00"
334,181,DJS567,BUS771,6,6,"2020-06-04 13:46:00"
335,181,DJS567,BUS987SE,5,6,"2020-06-04 13:48:00"
336,181,DJS567,BUS548NE,5,4,"2020-06-04 13:50:00"
337,181,DJS567,BUS257,3,0,"2020-06-04 13:51:00"
338,181,DJS567,BUS231N,3,5,"2020-06-04 13:53:00"
339,181,DJS567,BUS681,1,4,"2020-06-04 13:55:00"
340,181,DJS567,BUS626SE,3,3,"2020-06-04 13:56:00"
341,181,DJS567,BUS309,0,2,"2020-06-04 14:00:00"
342,181,DJS567,BUS971,1,4,"2020-06-04 14:01:00"
343,181,DJS567,BUS528,3,3,"2020-06-04 14:03:00"
344,181,DJS567,BUS375SW,6,8,"2020-06-04 14:05:00"
345,181,DJS567,BUS630,0,5,"2020-06-04 14:06:00"
346,181,DJS567,BUS409,4,10,"2020-06-04 14:08:00"
347,181,DJS567,BUS739,5,8,"2020-06-04 14:10:00"
348,181,DJS567,BUS982,5,5,"2020-06-04 14:11:00"
349,181,DJS567,BUS188,4,4,"2020-06-04 14:13:00"
350,181,DJS567,BUS694NE,0,7,"2020-06-04 14:15:00"
351,396,DJS567,BUS269,5,0,"2020-06-04 14:16:00"
352,396,DJS567,BUS546N,4,3,"2020-06-04 14:20:00"
353,396,DJS567,BUS451,3,5,"2020-06-04 14:21:00"
354,396,DJS567,BUS324,6,3,"2020-06-04 14:23:00"
355,396,DJS567,BUS133,5,5,"2020-06-04 14:25:00"
356,396,DJS567,BUS239,4,3,"2020-06-04 14:26:00"
357,396,DJS567,BUS928SE,4,0,"2020-06-04 14:28:00"
358,396,DJS567,BUS541,5,0,"2020-06-04 14:30:00"
359,396,DJS567,BUS564,6,3,"2020-06-04 14:31:00"
360,396,DJS567,BUS651,6,5,"2020-06-04 14:33:00"
361,396,DJS567,BUS683,6,3,"2020-06-04 14:35:00"
362,396,DJS567,BUS825,4,3,"2020-06-04 14:36:00"
363,396,DJS567,BUS301N,4,2,"2020-06-04 14:38:00"
364,396,DJS567,BUS871,3,3,"2020-06-04 14:40:00"
365,396,DJS567,BUS403,2,2,"2020-06-04 14:41:00"
366,396,DJS567,BUS375W,0,0,"2020-06-04 14:43:00"
367,396,DJS567,BUS525,5,1,"2020-06-04 14:45:00"
368,396,DJS567,BUS322,3,4,"2020-06-04 14:46:00"
369,396,DJS567,BUS771,6,6,"2020-06-04 14:48:00"
370,396,DJS567,BUS987SE,5,6,"2020-06-04 14:50:00"
371,396,DJS567,BUS548NE,5,4,"2020-06-04 14:51:00"
372,396,DJS567,BUS257,3,0,"2020-06-04 14:53:00"
373,396,DJS567,BUS231N,3,5,"2020-06-04 14:55:00"
374,396,DJS567,BUS681,1,4,"2020-06-04 14:56:00"
375,396,DJS567,BUS626SE,6,6,"2020-06-04 14:00:00"
376,396,DJS567,BUS309,0,2,"2020-06-04 14:01:00"
377,396,DJS567,BUS971,1,4,"2020-06-04 14:03:00"
378,396,DJS567,BUS528,3,3,"2020-06-04 14:05:00"
379,396,DJS567,BUS375SW,1,3,"2020-06-04 14:06:00"
380,396,DJS567,BUS630,0,5,"2020-06-04 14:08:00"
381,396,DJS567,BUS409,4,10,"2020-06-04 14:10:00"
382,396,DJS567,BUS739,5,8,"2020-06-04 14:11:00"
383,396,DJS567,BUS982,5,5,"2020-06-04 14:13:00"
384,396,DJS567,BUS188,4,4,"2020-06-04 14:15:00"
385,396,DJS567,BUS694NE,0,7,"2020-06-04 14:16:00"
386,306,DJS567,BUS269,1,1,"2020-06-04 14:18:00"
387,306,DJS567,BUS546N,2,1,"2020-06-04 14:21:00"
388,306,DJS567,BUS451,0,1,"2020-06-04 14:23:00"
389,306,DJS567,BUS324,4,3,"2020-06-04 14:25:00"
390,306,DJS567,BUS133,6,3,"2020-06-04 14:26:00"
391,306,DJS567,BUS239,3,1,"2020-06-04 14:28:00"
392,306,DJS567,BUS928SE,3,0,"2020-06-04 14:30:00"
393,306,DJS567,BUS541,2,3,"2020-06-04 14:31:00"
394,306,DJS567,BUS564,1,0,"2020-06-04 14:33:00"
395,306,DJS567,BUS651,2,1,"2020-06-04 14:35:00"
396,306,DJS567,BUS683,3,0,"2020-06-04 14:36:00"
397,306,DJS567,BUS825,0,1,"2020-06-04 14:38:00"
398,306,DJS567,BUS301N,0,0,"2020-06-04 14:40:00"
399,306,DJS567,BUS871,1,1,"2020-06-04 14:41:00"
400,306,DJS567,BUS403,3,1,"2020-06-04 14:43:00"
401,306,DJS567,BUS375W,2,2,"2020-06-04 14:45:00"
402,306,DJS567,BUS525,3,3,"2020-06-04 14:46:00"
403,306,DJS567,BUS322,1,2,"2020-06-04 14:48:00"
404,306,DJS567,BUS771,2,2,"2020-06-04 14:50:00"
405,306,DJS567,BUS987SE,1,1,"2020-06-04 14:51:00"
406,306,DJS567,BUS548NE,3,3,"2020-06-04 14:53:00"
407,306,DJS567,BUS257,1,5,"2020-06-04 14:55:00"
408,306,DJS567,BUS231N,0,2,"2020-06-04 14:56:00"
409,306,DJS567,BUS681,2,1,"2020-06-04 15:00:00"
410,306,DJS567,BUS626SE,0,2,"2020-06-04 15:01:00"
411,306,DJS567,BUS309,0,3,"2020-06-04 15:03:00"
412,306,DJS567,BUS971,0,2,"2020-06-04 15:05:00"
413,306,DJS567,BUS528,2,0,"2020-06-04 15:06:00"
414,306,DJS567,BUS375SW,1,0,"2020-06-04 15:08:00"
415,306,DJS567,BUS630,3,2,"2020-06-04 15:10:00"
416,306,DJS567,BUS409,3,1,"2020-06-04 15:11:00"
417,306,DJS567,BUS739,0,0,"2020-06-04 15:13:00"
418,306,DJS567,BUS982,1,3,"2020-06-04 15:15:00"
419,306,DJS567,BUS188,2,0,"2020-06-04 15:16:00"
420,306,DJS567,BUS694NE,1,1,"2020-06-04 15:18:00"
421,333,DJS567,BUS269,3,2,"2020-06-04 15:20:00"
422,333,DJS567,BUS546N,5,5,"2020-06-04 15:23:00"
423,333,DJS567,BUS451,2,1,"2020-06-04 15:25:00"
424,333,DJS567,BUS324,2,2,"2020-06-04 15:26:00"
425,333,DJS567,BUS133,2,3,"2020-06-04 15:28:00"
426,333,DJS567,BUS239,1,1,"2020-06-04 15:30:00"
427,333,DJS567,BUS928SE,0,1,"2020-06-04 15:31:00"
428,333,DJS567,BUS541,4,4,"2020-06-04 15:33:00"
429,333,DJS567,BUS564,2,0,"2020-06-04 15:35:00"
430,333,DJS567,BUS651,0,1,"2020-06-04 15:36:00"
431,333,DJS567,BUS683,2,1,"2020-06-04 15:38:00"
432,333,DJS567,BUS825,2,0,"2020-06-04 15:40:00"
433,333,DJS567,BUS301N,1,0,"2020-06-04 15:41:00"
434,333,DJS567,BUS871,2,3,"2020-06-04 15:43:00"
435,333,DJS567,BUS403,1,3,"2020-06-04 15:45:00"
436,333,DJS567,BUS375W,4,2,"2020-06-04 15:46:00"
437,333,DJS567,BUS525,0,3,"2020-06-04 15:48:00"
438,333,DJS567,BUS322,1,0,"2020-06-04 15:50:00"
439,333,DJS567,BUS771,1,3,"2020-06-04 15:51:00"
440,333,DJS567,BUS987SE,1,0,"2020-06-04 15:53:00"
441,333,DJS567,BUS548NE,4,2,"2020-06-04 15:55:00"
442,333,DJS567,BUS257,1,2,"2020-06-04 15:56:00"
443,333,DJS567,BUS231N,3,1,"2020-06-04 15:00:00"
444,333,DJS567,BUS681,1,2,"2020-06-04 15:01:00"
445,333,DJS567,BUS626SE,3,1,"2020-06-04 15:03:00"
446,333,DJS567,BUS309,4,5,"2020-06-04 15:05:00"
447,333,DJS567,BUS971,2,4,"2020-06-04 15:06:00"
448,333,DJS567,BUS528,4,2,"2020-06-04 15:08:00"
449,333,DJS567,BUS375SW,0,4,"2020-06-04 15:10:00"
450,333,DJS567,BUS630,4,2,"2020-06-04 15:11:00"
451,333,DJS567,BUS409,1,2,"2020-06-04 15:13:00"
452,333,DJS567,BUS739,3,3,"2020-06-04 15:15:00"
453,333,DJS567,BUS982,4,3,"2020-06-04 15:16:00"
454,333,DJS567,BUS188,1,1,"2020-06-04 15:18:00"
455,333,DJS567,BUS694NE,2,2,"2020-06-04 15:20:00"
456,360,DJS567,BUS269,3,0,"2020-06-04 15:21:00"
457,360,DJS567,BUS546N,2,0,"2020-06-04 15:25:00"
458,360,DJS567,BUS451,2,1,"2020-06-04 15:26:00"
459,360,DJS567,BUS324,1,1,"2020-06-04 15:28:00"
460,360,DJS567,BUS133,2,1,"2020-06-04 15:30:00"
461,360,DJS567,BUS239,3,0,"2020-06-04 15:31:00"
462,360,DJS567,BUS928SE,5,0,"2020-06-04 15:33:00"
463,360,DJS567,BUS541,1,2,"2020-06-04 15:35:00"
464,360,DJS567,BUS564,0,1,"2020-06-04 15:36:00"
465,360,DJS567,BUS651,0,4,"2020-06-04 15:38:00"
466,360,DJS567,BUS683,3,3,"2020-06-04 15:40:00"
467,360,DJS567,BUS825,0,0,"2020-06-04 15:41:00"
468,360,DJS567,BUS301N,0,2,"2020-06-04 15:43:00"
469,360,DJS567,BUS871,1,2,"2020-06-04 15:45:00"
470,360,DJS567,BUS403,2,4,"2020-06-04 15:46:00"
471,360,DJS567,BUS375W,0,1,"2020-06-04 15:48:00"
472,360,DJS567,BUS525,1,2,"2020-06-04 15:50:00"
473,360,DJS567,BUS322,4,1,"2020-06-04 15:51:00"
474,360,DJS567,BUS771,0,3,"2020-06-04 15:53:00"
475,360,DJS567,BUS987SE,0,2,"2020-06-04 15:55:00"
476,360,DJS567,BUS548NE,4,3,"2020-06-04 15:56:00"
477,360,DJS567,BUS257,2,1,"2020-06-04 16:00:00"
478,360,DJS567,BUS231N,3,1,"2020-06-04 16:01:00"
479,360,DJS567,BUS681,1,2,"2020-06-04 16:03:00"
480,360,DJS567,BUS626SE,1,0,"2020-06-04 16:05:00"
481,360,DJS567,BUS309,2,1,"2020-06-04 16:06:00"
482,360,DJS567,BUS971,1,1,"2020-06-04 16:08:00"
483,360,DJS567,BUS528,1,0,"2020-06-04 16:10:00"
484,360,DJS567,BUS375SW,3,1,"2020-06-04 16:11:00"
485,360,DJS567,BUS630,1,2,"2020-06-04 16:13:00"
486,360,DJS567,BUS409,2,1,"2020-06-04 16:15:00"
487,360,DJS567,BUS739,2,3,"2020-06-04 16:16:00"
488,360,DJS567,BUS982,4,2,"2020-06-04 16:18:00"
489,360,DJS567,BUS188,0,3,"2020-06-04 16:20:00"
490,360,DJS567,BUS694NE,4,2,"2020-06-04 16:21:00"
491,378,DJS567,BUS269,4,3,"2020-06-04 16:23:00"
492,378,DJS567,BUS546N,4,2,"2020-06-04 16:26:00"
493,378,DJS567,BUS451,1,1,"2020-06-04 16:28:00"
494,378,DJS567,BUS324,1,3,"2020-06-04 16:30:00"
495,378,DJS567,BUS133,4,0,"2020-06-04 16:31:00"
496,378,DJS567,BUS239,1,1,"2020-06-04 16:33:00"
497,378,DJS567,BUS928SE,4,3,"2020-06-04 16:35:00"
498,378,DJS567,BUS541,0,3,"2020-06-04 16:36:00"
499,378,DJS567,BUS564,2,2,"2020-06-04 16:38:00"
500,378,DJS567,BUS651,2,0,"2020-06-04 16:40:00"
501,378,DJS567,BUS683,1,1,"2020-06-04 16:41:00"
502,378,DJS567,BUS825,0,3,"2020-06-04 16:43:00"
503,378,DJS567,BUS301N,1,0,"2020-06-04 16:45:00"
504,378,DJS567,BUS871,1,3,"2020-06-04 16:46:00"
505,378,DJS567,BUS403,4,0,"2020-06-04 16:48:00"
506,378,DJS567,BUS375W,0,0,"2020-06-04 16:50:00"
507,378,DJS567,BUS525,2,3,"2020-06-04 16:51:00"
508,378,DJS567,BUS322,1,1,"2020-06-04 16:53:00"
509,378,DJS567,BUS771,0,2,"2020-06-04 16:55:00"
510,378,DJS567,BUS987SE,2,1,"2020-06-04 16:56:00"
511,378,DJS567,BUS548NE,1,1,"2020-06-04 16:00:00"
512,378,DJS567,BUS257,1,1,"2020-06-04 16:01:00"
513,378,DJS567,BUS231N,2,2,"2020-06-04 16:03:00"
514,378,DJS567,BUS681,3,1,"2020-06-04 16:05:00"
515,378,DJS567,BUS626SE,1,0,"2020-06-04 16:06:00"
516,378,DJS567,BUS309,2,2,"2020-06-04 16:08:00"
517,378,DJS567,BUS971,2,1,"2020-06-04 16:10:00"
518,378,DJS567,BUS528,4,1,"2020-06-04 16:11:00"
519,378,DJS567,BUS375SW,0,2,"2020-06-04 16:13:00"
520,378,DJS567,BUS630,0,1,"2020-06-04 16:15:00"
521,378,DJS567,BUS409,2,1,"2020-06-04 16:16:00"
522,378,DJS567,BUS739,2,2,"2020-06-04 16:18:00"
523,378,DJS567,BUS982,2,2,"2020-06-04 16:20:00"
524,378,DJS567,BUS188,1,2,"2020-06-04 16:21:00"
525,378,DJS567,BUS694NE,0,2,"2020-06-04 16:23:00"
526,593,DJS567,BUS269,5,0,"2020-06-04 16:25:00"
527,593,DJS567,BUS546N,4,3,"2020-06-04 16:26:00"
528,593,DJS567,BUS451,3,5,"2020-06-04 16:28:00"
529,593,DJS567,BUS324,6,3,"2020-06-04 16:30:00"
530,593,DJS567,BUS133,5,5,"2020-06-04 16:31:00"
531,593,DJS567,BUS239,4,3,"2020-06-04 16:33:00"
532,593,DJS567,BUS928SE,4,0,"2020-06-04 16:35:00"
533,593,DJS567,BUS541,5,0,"2020-06-04 16:36:00"
534,593,DJS567,BUS564,6,3,"2020-06-04 16:38:00"
535,593,DJS567,BUS651,3,5,"2020-06-04 16:40:00"
536,593,DJS567,BUS683,3,3,"2020-06-04 16:41:00"
537,593,DJS567,BUS825,4,3,"2020-06-04 16:43:00"
538,593,DJS567,BUS301N,4,2,"2020-06-04 16:45:00"
539,593,DJS567,BUS871,3,3,"2020-06-04 16:46:00"
540,593,DJS567,BUS403,2,2,"2020-06-04 16:48:00"
541,593,DJS567,BUS375W,3,3,"2020-06-04 16:50:00"
542,593,DJS567,BUS525,5,1,"2020-06-04 16:51:00"
543,593,DJS567,BUS322,3,1,"2020-06-04 16:53:00"
544,593,DJS567,BUS771,6,3,"2020-06-04 16:55:00"
545,593,DJS567,BUS987SE,5,6,"2020-06-04 16:56:00"
546,593,DJS567,BUS548NE,5,4,"2020-06-04 17:00:00"
547,593,DJS567,BUS257,7,4,"2020-06-04 17:01:00"
548,593,DJS567,BUS231N,3,5,"2020-06-04 17:03:00"
549,593,DJS567,BUS681,0,4,"2020-06-04 17:05:00"
550,593,DJS567,BUS626SE,6,6,"2020-06-04 17:06:00"
551,593,DJS567,BUS309,0,1,"2020-06-04 17:08:00"
552,593,DJS567,BUS971,1,4,"2020-06-04 17:10:00"
553,593,DJS567,BUS528,3,3,"2020-06-04 17:11:00"
554,593,DJS567,BUS375SW,4,6,"2020-06-04 17:13:00"
555,593,DJS567,BUS630,0,5,"2020-06-04 17:15:00"
556,593,DJS567,BUS409,4,10,"2020-06-04 17:16:00"
557,593,DJS567,BUS739,5,8,"2020-06-04 17:18:00"
558,593,DJS567,BUS982,5,5,"2020-06-04 17:20:00"
559,593,DJS567,BUS188,4,4,"2020-06-04 17:21:00"
560,593,DJS567,BUS694NE,0,7,"2020-06-04 17:23:00"
561,503,DJS567,BUS269,7,1,"2020-06-04 17:25:00"
562,503,DJS567,BUS546N,0,2,"2020-06-04 17:26:00"
563,503,DJS567,BUS451,2,1,"2020-06-04 17:28:00"
564,503,DJS567,BUS324,1,2,"2020-06-04 17:30:00"
565,503,DJS567,BUS133,1,2,"2020-06-04 17:31:00"
566,503,DJS567,BUS239,1,2,"2020-06-04 17:33:00"
567,503,DJS567,BUS928SE,4,3,"2020-06-04 17:35:00"
568,503,DJS567,BUS541,1,3,"2020-06-04 17:36:00"
569,503,DJS567,BUS564,1,1,"2020-06-04 17:38:00"
570,503,DJS567,BUS651,5,4,"2020-06-04 17:40:00"
571,503,DJS567,BUS683,1,0,"2020-06-04 17:41:00"
572,503,DJS567,BUS825,2,2,"2020-06-04 17:43:00"
573,503,DJS567,BUS301N,1,2,"2020-06-04 17:45:00"
574,503,DJS567,BUS871,2,1,"2020-06-04 17:46:00"
575,503,DJS567,BUS403,2,2,"2020-06-04 17:48:00"
576,503,DJS567,BUS375W,1,2,"2020-06-04 17:50:00"
577,503,DJS567,BUS525,4,1,"2020-06-04 17:51:00"
578,503,DJS567,BUS322,3,1,"2020-06-04 17:53:00"
579,503,DJS567,BUS771,3,3,"2020-06-04 17:55:00"
580,503,DJS567,BUS987SE,1,3,"2020-06-04 17:56:00"
581,503,DJS567,BUS548NE,2,1,"2020-06-04 17:00:00"
582,503,DJS567,BUS257,1,1,"2020-06-04 17:01:00"
583,503,DJS567,BUS231N,1,2,"2020-06-04 17:03:00"
584,503,DJS567,BUS681,2,2,"2020-06-04 17:05:00"
585,503,DJS567,BUS626SE,0,0,"2020-06-04 17:06:00"
586,503,DJS567,BUS309,3,3,"2020-06-04 17:08:00"
587,503,DJS567,BUS971,2,1,"2020-06-04 17:10:00"
588,503,DJS567,BUS528,0,2,"2020-06-04 17:11:00"
589,503,DJS567,BUS375SW,3,3,"2020-06-04 17:13:00"
590,503,DJS567,BUS630,2,2,"2020-06-04 17:15:00"
591,503,DJS567,BUS409,1,0,"2020-06-04 17:16:00"
592,503,DJS567,BUS739,0,1,"2020-06-04 17:18:00"
593,503,DJS567,BUS982,2,2,"2020-06-04 17:20:00"
594,503,DJS567,BUS188,1,1,"2020-06-04 17:21:00"
595,503,DJS567,BUS694NE,2,0,"2020-06-04 17:23:00"
596,530,DJS567,BUS269,2,1,"2020-06-04 17:25:00"
597,530,DJS567,BUS546N,1,0,"2020-06-04 17:26:00"
598,530,DJS567,BUS451,2,0,"2020-06-04 17:28:00"
599,530,DJS567,BUS324,1,0,"2020-06-04 17:30:00"
600,530,DJS567,BUS133,2,1,"2020-06-04 17:31:00"
601,530,DJS567,BUS239,3,3,"2020-06-04 17:33:00"
602,530,DJS567,BUS928SE,3,1,"2020-06-04 17:35:00"
603,530,DJS567,BUS541,1,2,"2020-06-04 17:36:00"
604,530,DJS567,BUS564,0,1,"2020-06-04 17:38:00"
605,530,DJS567,BUS651,1,0,"2020-06-04 17:40:00"
606,530,DJS567,BUS683,3,0,"2020-06-04 17:41:00"
607,530,DJS567,BUS825,2,0,"2020-06-04 17:43:00"
608,530,DJS567,BUS301N,3,1,"2020-06-04 17:45:00"
609,530,DJS567,BUS871,0,0,"2020-06-04 17:46:00"
610,530,DJS567,BUS403,1,1,"2020-06-04 17:48:00"
611,530,DJS567,BUS375W,3,1,"2020-06-04 17:50:00"
612,530,DJS567,BUS525,4,2,"2020-06-04 17:51:00"
613,530,DJS567,BUS322,0,1,"2020-06-04 17:53:00"
614,530,DJS567,BUS771,0,0,"2020-06-04 17:55:00"
615,530,DJS567,BUS987SE,1,1,"2020-06-04 17:56:00"
616,530,DJS567,BUS548NE,1,1,"2020-06-04 18:00:00"
617,530,DJS567,BUS257,1,2,"2020-06-04 18:01:00"
618,530,DJS567,BUS231N,0,0,"2020-06-04 18:03:00"
619,530,DJS567,BUS681,1,1,"2020-06-04 18:05:00"
620,530,DJS567,BUS626SE,3,1,"2020-06-04 18:06:00"
621,530,DJS567,BUS309,2,4,"2020-06-04 18:08:00"
622,530,DJS567,BUS971,1,4,"2020-06-04 18:10:00"
623,530,DJS567,BUS528,1,0,"2020-06-04 18:11:00"
624,530,DJS567,BUS375SW,0,1,"2020-06-04 18:13:00"
625,530,DJS567,BUS630,1,1,"2020-06-04 18:15:00"
626,530,DJS567,BUS409,1,0,"2020-06-04 18:16:00"
627,530,DJS567,BUS739,0,0,"2020-06-04 18:18:00"
628,530,DJS567,BUS982,0,2,"2020-06-04 18:20:00"
629,530,DJS567,BUS188,2,1,"2020-06-04 18:21:00"
630,530,DJS567,BUS694NE,4,1,"2020-06-04 18:23:00"
631,557,DJS567,BUS269,4,2,"2020-06-04 18:25:00"
632,557,DJS567,BUS546N,0,2,"2020-06-04 18:26:00"
633,557,DJS567,BUS451,3,1,"2020-06-04 18:28:00"
634,557,DJS567,BUS324,1,0,"2020-06-04 18:30:00"
635,557,DJS567,BUS133,1,4,"2020-06-04 18:31:00"
636,557,DJS567,BUS239,2,0,"2020-06-04 18:33:00"
637,557,DJS567,BUS928SE,2,1,"2020-06-04 18:35:00"
638,557,DJS567,BUS541,1,3,"2020-06-04 18:36:00"
639,557,DJS567,BUS564,1,1,"2020-06-04 18:38:00"
640,557,DJS567,BUS651,2,1,"2020-06-04 18:40:00"
641,557,DJS567,BUS683,3,2,"2020-06-04 18:41:00"
642,557,DJS567,BUS825,1,1,"2020-06-04 18:43:00"
643,557,DJS567,BUS301N,2,1,"2020-06-04 18:45:00"
644,557,DJS567,BUS871,2,0,"2020-06-04 18:46:00"
645,557,DJS567,BUS403,0,0,"2020-06-04 18:48:00"
646,557,DJS567,BUS375W,4,0,"2020-06-04 18:50:00"
647,557,DJS567,BUS525,1,3,"2020-06-04 18:51:00"
648,557,DJS567,BUS322,1,4,"2020-06-04 18:53:00"
649,557,DJS567,BUS771,2,2,"2020-06-04 18:55:00"
650,557,DJS567,BUS987SE,1,2,"2020-06-04 18:56:00"
651,557,DJS567,BUS548NE,1,0,"2020-06-04 18:00:00"
652,557,DJS567,BUS257,1,1,"2020-06-04 18:01:00"
653,557,DJS567,BUS231N,0,1,"2020-06-04 18:03:00"
654,557,DJS567,BUS681,1,2,"2020-06-04 18:05:00"
655,557,DJS567,BUS626SE,2,1,"2020-06-04 18:06:00"
656,557,DJS567,BUS309,1,3,"2020-06-04 18:08:00"
657,557,DJS567,BUS971,4,6,"2020-06-04 18:10:00"
658,557,DJS567,BUS528,4,2,"2020-06-04 18:11:00"
659,557,DJS567,BUS375SW,4,3,"2020-06-04 18:13:00"
660,557,DJS567,BUS630,0,2,"2020-06-04 18:15:00"
661,557,DJS567,BUS409,1,2,"2020-06-04 18:16:00"
662,557,DJS567,BUS739,3,3,"2020-06-04 18:18:00"
663,557,DJS567,BUS982,4,4,"2020-06-04 18:20:00"
664,557,DJS567,BUS188,4,1,"2020-06-04 18:21:00"
665,557,DJS567,BUS694NE,2,5,"2020-06-04 18:23:00"
666,575,DJS567,BUS269,2,1,"2020-06-04 18:25:00"
667,575,DJS567,BUS546N,1,2,"2020-06-04 18:26:00"
668,575,DJS567,BUS451,2,0,"2020-06-04 18:28:00"
669,575,DJS567,BUS324,3,2,"2020-06-04 18:30:00"
670,575,DJS567,BUS133,1,1,"2020-06-04 18:31:00"
671,575,DJS567,BUS239,1,0,"2020-06-04 18:33:00"
672,575,DJS567,BUS928SE,0,1,"2020-06-04 18:35:00"
673,575,DJS567,BUS541,1,0,"2020-06-04 18:36:00"
674,575,DJS567,BUS564,2,1,"2020-06-04 18:38:00"
675,575,DJS567,BUS651,2,1,"2020-06-04 18:40:00"
676,575,DJS567,BUS683,4,1,"2020-06-04 18:41:00"
677,575,DJS567,BUS825,2,1,"2020-06-04 18:43:00"
678,575,DJS567,BUS301N,1,0,"2020-06-04 18:45:00"
679,575,DJS567,BUS871,1,1,"2020-06-04 18:46:00"
680,575,DJS567,BUS403,3,1,"2020-06-04 18:48:00"
681,575,DJS567,BUS375W,0,2,"2020-06-04 18:50:00"
682,575,DJS567,BUS525,0,2,"2020-06-04 18:51:00"
683,575,DJS567,BUS322,2,2,"2020-06-04 18:53:00"
684,575,DJS567,BUS771,1,3,"2020-06-04 18:55:00"
685,575,DJS567,BUS987SE,3,2,"2020-06-04 18:56:00"
686,575,DJS567,BUS548NE,3,2,"2020-06-04 18:56:00"
687,575,DJS567,BUS257,1,1,"2020-06-04 09:00:00"
688,575,DJS567,BUS231N,1,2,"2020-06-04 09:01:00"
689,575,DJS567,BUS681,0,1,"2020-06-04 09:03:00"
690,575,DJS567,BUS626SE,0,3,"2020-06-04 09:05:00"
691,575,DJS567,BUS309,1,3,"2020-06-04 09:06:00"
692,575,DJS567,BUS971,3,1,"2020-06-04 09:08:00"
693,575,DJS567,BUS528,1,3,"2020-06-04 09:10:00"
694,575,DJS567,BUS375SW,1,0,"2020-06-04 09:11:00"
695,575,DJS567,BUS630,0,1,"2020-06-04 09:13:00"
696,575,DJS567,BUS409,2,0,"2020-06-04 09:15:00"
697,575,DJS567,BUS739,1,2,"2020-06-04 09:16:00"
698,575,DJS567,BUS982,1,2,"2020-06-04 09:18:00"
699,575,DJS567,BUS188,3,1,"2020-06-04 09:20:00"
700,575,DJS567,BUS694NE,1,2,"2020-06-04 09:21:00"
701,790,DJS567,BUS269,5,0,"2020-06-04 09:23:00"
702,790,DJS567,BUS546N,4,3,"2020-06-04 09:25:00"
703,790,DJS567,BUS451,3,5,"2020-06-04 09:26:00"
704,790,DJS567,BUS324,6,3,"2020-06-04 09:28:00"
705,790,DJS567,BUS133,5,5,"2020-06-04 09:30:00"
706,790,DJS567,BUS239,2,3,"2020-06-04 09:31:00"
707,790,DJS567,BUS928SE,4,0,"2020-06-04 09:33:00"
708,790,DJS567,BUS541,5,0,"2020-06-04 09:35:00"
709,790,DJS567,BUS564,6,1,"2020-06-04 09:36:00"
710,790,DJS567,BUS651,6,5,"2020-06-04 09:38:00"
711,790,DJS567,BUS683,6,3,"2020-06-04 09:40:00"
712,790,DJS567,BUS825,4,3,"2020-06-04 09:41:00"
713,790,DJS567,BUS301N,4,2,"2020-06-04 09:43:00"
714,790,DJS567,BUS871,1,3,"2020-06-04 09:45:00"
715,790,DJS567,BUS403,2,2,"2020-06-04 09:46:00"
716,790,DJS567,BUS375W,3,3,"2020-06-04 09:48:00"
717,790,DJS567,BUS525,5,1,"2020-06-04 09:50:00"
718,790,DJS567,BUS322,3,2,"2020-06-04 09:51:00"
719,790,DJS567,BUS771,6,6,"2020-06-04 09:53:00"
720,790,DJS567,BUS987SE,5,6,"2020-06-04 09:55:00"
721,790,DJS567,BUS548NE,5,4,"2020-06-04 09:56:00"
722,790,DJS567,BUS257,3,0,"2020-06-04 09:00:00"
723,790,DJS567,BUS231N,3,5,"2020-06-04 09:01:00"
724,790,DJS567,BUS681,1,4,"2020-06-04 09:03:00"
725,790,DJS567,BUS626SE,6,6,"2020-06-04 09:05:00"
726,790,DJS567,BUS309,0,2,"2020-06-04 09:06:00"
727,790,DJS567,BUS971,1,4,"2020-06-04 09:08:00"
728,790,DJS567,BUS528,3,3,"2020-06-04 09:10:00"
729,790,DJS567,BUS375SW,4,6,"2020-06-04 09:11:00"
730,790,DJS567,BUS630,0,5,"2020-06-04 09:13:00"
731,790,DJS567,BUS409,4,10,"2020-06-04 09:15:00"
732,790,DJS567,BUS739,5,8,"2020-06-04 09:16:00"
733,790,DJS567,BUS982,5,5,"2020-06-04 09:18:00"
734,790,DJS567,BUS188,4,4,"2020-06-04 09:20:00"
735,790,DJS567,BUS694NE,0,7,"2020-06-04 09:21:00"
736,700,DJS567,BUS269,4,3,"2020-06-04 09:23:00"
737,700,DJS567,BUS546N,4,1,"2020-06-04 09:25:00"
738,700,DJS567,BUS451,1,0,"2020-06-04 09:26:00"
739,700,DJS567,BUS324,4,3,"2020-06-04 09:28:00"
740,700,DJS567,BUS133,1,1,"2020-06-04 09:30:00"
741,700,DJS567,BUS239,1,2,"2020-06-04 09:31:00"
742,700,DJS567,BUS928SE,1,3,"2020-06-04 09:33:00"
743,700,DJS567,BUS541,0,0,"2020-06-04 09:35:00"
744,700,DJS567,BUS564,1,4,"2020-06-04 09:36:00"
745,700,DJS567,BUS651,1,1,"2020-06-04 09:38:00"
746,700,DJS567,BUS683,4,0,"2020-06-04 09:40:00"
747,700,DJS567,BUS825,2,1,"2020-06-04 09:41:00"
748,700,DJS567,BUS301N,0,2,"2020-06-04 09:43:00"
749,700,DJS567,BUS871,3,0,"2020-06-04 09:45:00"
750,700,DJS567,BUS403,1,3,"2020-06-04 09:46:00"
751,700,DJS567,BUS375W,3,3,"2020-06-04 09:48:00"
752,700,DJS567,BUS525,3,0,"2020-06-04 09:50:00"
753,700,DJS567,BUS322,1,0,"2020-06-04 09:51:00"
754,700,DJS567,BUS771,3,2,"2020-06-04 09:53:00"
755,700,DJS567,BUS987SE,1,0,"2020-06-04 09:55:00"
756,700,DJS567,BUS548NE,0,0,"2020-06-04 09:56:00"
757,700,DJS567,BUS257,1,0,"2020-06-04 10:00:00"
758,700,DJS567,BUS231N,0,3,"2020-06-04 10:01:00"
759,700,DJS567,BUS681,0,0,"2020-06-04 10:03:00"
760,700,DJS567,BUS626SE,2,0,"2020-06-04 10:05:00"
761,700,DJS567,BUS309,1,4,"2020-06-04 10:06:00"
762,700,DJS567,BUS971,2,3,"2020-06-04 10:08:00"
763,700,DJS567,BUS528,0,2,"2020-06-04 10:10:00"
764,700,DJS567,BUS375SW,2,3,"2020-06-04 10:11:00"
765,700,DJS567,BUS630,2,0,"2020-06-04 10:13:00"
766,700,DJS567,BUS409,1,0,"2020-06-04 10:15:00"
767,700,DJS567,BUS739,1,2,"2020-06-04 10:16:00"
768,700,DJS567,BUS982,2,2,"2020-06-04 10:18:00"
769,700,DJS567,BUS188,0,2,"2020-06-04 10:20:00"
770,700,DJS567,BUS694NE,4,2,"2020-06-04 10:21:00"
771,727,DJS567,BUS269,4,1,"2020-06-04 10:23:00"
772,727,DJS567,BUS546N,1,4,"2020-06-04 10:25:00"
773,727,DJS567,BUS451,3,2,"2020-06-04 10:26:00"
774,727,DJS567,BUS324,2,3,"2020-06-04 10:28:00"
775,727,DJS567,BUS133,1,0,"2020-06-04 10:30:00"
776,727,DJS567,BUS239,0,1,"2020-06-04 10:31:00"
777,727,DJS567,BUS928SE,4,1,"2020-06-04 10:33:00"
778,727,DJS567,BUS541,1,0,"2020-06-04 10:35:00"
779,727,DJS567,BUS564,1,1,"2020-06-04 10:36:00"
780,727,DJS567,BUS651,0,2,"2020-06-04 10:38:00"
781,727,DJS567,BUS683,2,3,"2020-06-04 10:40:00"
782,727,DJS567,BUS825,4,4,"2020-06-04 10:41:00"
783,727,DJS567,BUS301N,2,3,"2020-06-04 10:43:00"
784,727,DJS567,BUS871,2,0,"2020-06-04 10:45:00"
785,727,DJS567,BUS403,3,3,"2020-06-04 10:46:00"
786,727,DJS567,BUS375W,1,1,"2020-06-04 10:48:00"
787,727,DJS567,BUS525,1,1,"2020-06-04 10:50:00"
788,727,DJS567,BUS322,2,1,"2020-06-04 10:51:00"
789,727,DJS567,BUS771,1,0,"2020-06-04 10:53:00"
790,727,DJS567,BUS987SE,1,0,"2020-06-04 10:55:00"
791,727,DJS567,BUS548NE,2,0,"2020-06-04 10:56:00"
792,727,DJS567,BUS257,3,2,"2020-06-04 10:00:00"
793,727,DJS567,BUS231N,4,2,"2020-06-04 10:01:00"
794,727,DJS567,BUS681,0,2,"2020-06-04 10:03:00"
795,727,DJS567,BUS626SE,1,1,"2020-06-04 10:05:00"
796,727,DJS567,BUS309,1,2,"2020-06-04 10:06:00"
797,727,DJS567,BUS971,0,0,"2020-06-04 10:08:00"
798,727,DJS567,BUS528,3,3,"2020-06-04 10:10:00"
799,727,DJS567,BUS375SW,3,1,"2020-06-04 10:11:00"
800,727,DJS567,BUS630,0,0,"2020-06-04 10:13:00"
801,727,DJS567,BUS409,4,3,"2020-06-04 10:15:00"
802,727,DJS567,BUS739,0,1,"2020-06-04 10:16:00"
803,727,DJS567,BUS982,1,2,"2020-06-04 10:18:00"
804,727,DJS567,BUS188,0,2,"2020-06-04 10:20:00"
805,727,DJS567,BUS694NE,4,1,"2020-06-04 10:21:00"
806,754,DJS567,BUS269,4,4,"2020-06-04 10:23:00"
807,754,DJS567,BUS546N,4,2,"2020-06-04 10:25:00"
808,754,DJS567,BUS451,2,1,"2020-06-04 10:26:00"
809,754,DJS567,BUS324,3,0,"2020-06-04 10:28:00"
810,754,DJS567,BUS133,2,2,"2020-06-04 10:30:00"
811,754,DJS567,BUS239,2,2,"2020-06-04 10:31:00"
812,754,DJS567,BUS928SE,2,0,"2020-06-04 10:33:00"
813,754,DJS567,BUS541,0,3,"2020-06-04 10:35:00"
814,754,DJS567,BUS564,1,1,"2020-06-04 10:36:00"
815,754,DJS567,BUS651,1,1,"2020-06-04 10:38:00"
816,754,DJS567,BUS683,2,1,"2020-06-04 10:40:00"
817,754,DJS567,BUS825,1,1,"2020-06-04 10:41:00"
818,754,DJS567,BUS301N,2,1,"2020-06-04 10:43:00"
819,754,DJS567,BUS871,2,0,"2020-06-04 10:45:00"
820,754,DJS567,BUS403,1,3,"2020-06-04 10:46:00"
821,754,DJS567,BUS375W,2,2,"2020-06-04 10:48:00"
822,754,DJS567,BUS525,1,2,"2020-06-04 10:50:00"
823,754,DJS567,BUS322,0,3,"2020-06-04 10:51:00"
824,754,DJS567,BUS771,0,1,"2020-06-04 10:53:00"
825,754,DJS567,BUS987SE,2,2,"2020-06-04 10:55:00"
826,754,DJS567,BUS548NE,0,2,"2020-06-04 10:56:00"
827,754,DJS567,BUS257,2,2,"2020-06-04 11:00:00"
828,754,DJS567,BUS231N,5,1,"2020-06-04 11:01:00"
829,754,DJS567,BUS681,1,0,"2020-06-04 11:03:00"
830,754,DJS567,BUS626SE,1,0,"2020-06-04 11:05:00"
831,754,DJS567,BUS309,0,2,"2020-06-04 11:06:00"
832,754,DJS567,BUS971,1,3,"2020-06-04 11:08:00"
833,754,DJS567,BUS528,2,2,"2020-06-04 11:10:00"
834,754,DJS567,BUS375SW,0,1,"2020-06-04 11:11:00"
835,754,DJS567,BUS630,1,1,"2020-06-04 11:13:00"
836,754,DJS567,BUS409,2,1,"2020-06-04 11:15:00"
837,754,DJS567,BUS739,1,1,"2020-06-04 11:16:00"
838,754,DJS567,BUS982,2,1,"2020-06-04 11:18:00"
839,754,DJS567,BUS188,2,1,"2020-06-04 11:20:00"
840,754,DJS567,BUS694NE,3,1,"2020-06-04 11:21:00"
841,772,DJS567,BUS269,3,1,"2020-06-04 11:23:00"
842,772,DJS567,BUS546N,0,1,"2020-06-04 11:25:00"
843,772,DJS567,BUS451,1,1,"2020-06-04 11:26:00"
844,772,DJS567,BUS324,4,2,"2020-06-04 11:28:00"
845,772,DJS567,BUS133,0,2,"2020-06-04 11:30:00"
846,772,DJS567,BUS239,3,1,"2020-06-04 11:31:00"
847,772,DJS567,BUS928SE,2,1,"2020-06-04 11:33:00"
848,772,DJS567,BUS541,1,3,"2020-06-04 11:35:00"
849,772,DJS567,BUS564,2,1,"2020-06-04 11:36:00"
850,772,DJS567,BUS651,2,1,"2020-06-04 11:38:00"
851,772,DJS567,BUS683,0,3,"2020-06-04 11:40:00"
852,772,DJS567,BUS825,1,1,"2020-06-04 11:41:00"
853,772,DJS567,BUS301N,4,2,"2020-06-04 11:43:00"
854,772,DJS567,BUS871,0,1,"2020-06-04 11:45:00"
855,772,DJS567,BUS403,2,2,"2020-06-04 11:46:00"
856,772,DJS567,BUS375W,3,3,"2020-06-04 11:48:00"
857,772,DJS567,BUS525,1,3,"2020-06-04 11:50:00"
858,772,DJS567,BUS322,4,0,"2020-06-04 11:51:00"
859,772,DJS567,BUS771,0,0,"2020-06-04 11:53:00"
860,772,DJS567,BUS987SE,0,1,"2020-06-04 11:55:00"
861,772,DJS567,BUS548NE,1,3,"2020-06-04 11:56:00"
862,772,DJS567,BUS257,1,0,"2020-06-04 11:00:00"
863,772,DJS567,BUS231N,2,1,"2020-06-04 11:01:00"
864,772,DJS567,BUS681,2,1,"2020-06-04 11:03:00"
865,772,DJS567,BUS626SE,3,2,"2020-06-04 11:05:00"
866,772,DJS567,BUS309,0,2,"2020-06-04 11:06:00"
867,772,DJS567,BUS971,2,4,"2020-06-04 11:08:00"
868,772,DJS567,BUS528,2,0,"2020-06-04 11:10:00"
869,772,DJS567,BUS375SW,2,0,"2020-06-04 11:11:00"
870,772,DJS567,BUS630,2,0,"2020-06-04 11:13:00"
871,772,DJS567,BUS409,1,0,"2020-06-04 11:15:00"
872,772,DJS567,BUS739,0,0,"2020-06-04 11:16:00"
873,772,DJS567,BUS982,2,2,"2020-06-04 11:18:00"
874,772,DJS567,BUS188,0,1,"2020-06-04 11:20:00"
875,772,DJS567,BUS694NE,4,1,"2020-06-04 11:21:00"
876,889,DJS567,BUS269,4,1,"2020-06-04 11:23:00"
877,889,DJS567,BUS546N,0,2,"2020-06-04 11:25:00"
878,889,DJS567,BUS451,3,1,"2020-06-04 11:26:00"
879,889,DJS567,BUS324,1,3,"2020-06-04 11:28:00"
880,889,DJS567,BUS133,3,2,"2020-06-04 11:30:00"
881,889,DJS567,BUS239,4,1,"2020-06-04 11:31:00"
882,889,DJS567,BUS928SE,4,3,"2020-06-04 11:33:00"
883,889,DJS567,BUS541,2,3,"2020-06-04 11:35:00"
884,889,DJS567,BUS564,1,0,"2020-06-04 11:36:00"
885,889,DJS567,BUS651,1,1,"2020-06-04 11:38:00"
886,889,DJS567,BUS683,1,1,"2020-06-04 11:40:00"
887,889,DJS567,BUS825,0,0,"2020-06-04 11:41:00"
888,889,DJS567,BUS301N,3,2,"2020-06-04 11:43:00"
889,889,DJS567,BUS871,0,5,"2020-06-04 11:45:00"
890,889,DJS567,BUS403,3,4,"2020-06-04 11:46:00"
891,889,DJS567,BUS375W,2,1,"2020-06-04 11:48:00"
892,889,DJS567,BUS525,1,0,"2020-06-04 11:50:00"
893,889,DJS567,BUS322,3,0,"2020-06-04 11:51:00"
894,889,DJS567,BUS771,2,0,"2020-06-04 11:53:00"
895,889,DJS567,BUS987SE,1,1,"2020-06-04 11:55:00"
896,889,DJS567,BUS548NE,1,1,"2020-06-04 11:56:00"
897,889,DJS567,BUS257,1,0,"2020-06-04 12:00:00"
898,889,DJS567,BUS231N,2,2,"2020-06-04 12:01:00"
899,889,DJS567,BUS681,0,2,"2020-06-04 12:03:00"
900,889,DJS567,BUS626SE,1,1,"2020-06-04 12:05:00"
901,889,DJS567,BUS309,1,0,"2020-06-04 12:06:00"
902,889,DJS567,BUS971,1,4,"2020-06-04 12:08:00"
903,889,DJS567,BUS528,1,0,"2020-06-04 12:10:00"
904,889,DJS567,BUS375SW,2,2,"2020-06-04 12:11:00"
905,889,DJS567,BUS630,3,4,"2020-06-04 12:13:00"
906,889,DJS567,BUS409,0,3,"2020-06-04 12:15:00"
907,889,DJS567,BUS739,2,1,"2020-06-04 12:16:00"
908,889,DJS567,BUS982,3,0,"2020-06-04 12:18:00"
909,889,DJS567,BUS188,2,2,"2020-06-04 12:20:00"
910,889,DJS567,BUS694NE,1,1,"2020-06-04 12:21:00"
911,961,DJS567,BUS269,4,1,"2020-06-04 12:23:00"
912,961,DJS567,BUS546N,1,2,"2020-06-04 12:25:00"
913,961,DJS567,BUS451,2,3,"2020-06-04 12:26:00"
914,961,DJS567,BUS324,3,1,"2020-06-04 12:28:00"
915,961,DJS567,BUS133,2,3,"2020-06-04 12:30:00"
916,961,DJS567,BUS239,4,1,"2020-06-04 12:31:00"
917,961,DJS567,BUS928SE,1,1,"2020-06-04 12:33:00"
918,961,DJS567,BUS541,1,0,"2020-06-04 12:35:00"
919,961,DJS567,BUS564,1,3,"2020-06-04 12:36:00"
920,961,DJS567,BUS651,0,1,"2020-06-04 12:38:00"
921,961,DJS567,BUS683,4,4,"2020-06-04 12:40:00"
922,961,DJS567,BUS825,1,1,"2020-06-04 12:41:00"
923,961,DJS567,BUS301N,0,0,"2020-06-04 12:43:00"
924,961,DJS567,BUS871,1,4,"2020-06-04 12:45:00"
925,961,DJS567,BUS403,1,1,"2020-06-04 12:46:00"
926,961,DJS567,BUS375W,0,0,"2020-06-04 12:48:00"
927,961,DJS567,BUS525,1,1,"2020-06-04 12:50:00"
928,961,DJS567,BUS322,4,3,"2020-06-04 12:51:00"
929,961,DJS567,BUS771,2,1,"2020-06-04 12:53:00"
930,961,DJS567,BUS987SE,0,2,"2020-06-04 12:55:00"
931,961,DJS567,BUS548NE,2,2,"2020-06-04 12:56:00"
932,961,DJS567,BUS257,5,1,"2020-06-04 12:00:00"
933,961,DJS567,BUS231N,5,2,"2020-06-04 12:01:00"
934,961,DJS567,BUS681,1,2,"2020-06-04 12:03:00"
935,961,DJS567,BUS626SE,3,1,"2020-06-04 12:05:00"
936,961,DJS567,BUS309,2,2,"2020-06-04 12:06:00"
937,961,DJS567,BUS971,3,1,"2020-06-04 12:08:00"
938,961,DJS567,BUS528,2,0,"2020-06-04 12:10:00"
939,961,DJS567,BUS375SW,0,0,"2020-06-04 12:11:00"
940,961,DJS567,BUS630,4,1,"2020-06-04 12:13:00"
941,961,DJS567,BUS409,0,1,"2020-06-04 12:15:00"
942,961,DJS567,BUS739,0,3,"2020-06-04 12:16:00"
943,961,DJS567,BUS982,0,1,"2020-06-04 12:18:00"
944,961,DJS567,BUS188,0,0,"2020-06-04 12:20:00"
945,961,DJS567,BUS694NE,2,2,"2020-06-04 12:21:00"
946,952,DJS567,BUS269,3,2,"2020-06-04 12:23:00"
947,952,DJS567,BUS546N,1,2,"2020-06-04 12:25:00"
948,952,DJS567,BUS451,3,2,"2020-06-04 12:26:00"
949,952,DJS567,BUS324,4,2,"2020-06-04 12:28:00"
950,952,DJS567,BUS133,2,5,"2020-06-04 12:30:00"
951,952,DJS567,BUS239,5,1,"2020-06-04 12:31:00"
952,952,DJS567,BUS928SE,1,1,"2020-06-04 12:33:00"
953,952,DJS567,BUS541,1,0,"2020-06-04 12:35:00"
954,952,DJS567,BUS564,2,2,"2020-06-04 12:36:00"
955,952,DJS567,BUS651,3,1,"2020-06-04 12:38:00"
956,952,DJS567,BUS683,2,2,"2020-06-04 12:40:00"
957,952,DJS567,BUS825,1,0,"2020-06-04 12:41:00"
958,952,DJS567,BUS301N,1,2,"2020-06-04 12:43:00"
959,952,DJS567,BUS871,2,3,"2020-06-04 12:45:00"
960,952,DJS567,BUS403,0,1,"2020-06-04 12:46:00"
961,952,DJS567,BUS375W,1,1,"2020-06-04 12:48:00"
962,952,DJS567,BUS525,0,4,"2020-06-04 12:50:00"
963,952,DJS567,BUS322,1,2,"2020-06-04 12:51:00"
964,952,DJS567,BUS771,4,1,"2020-06-04 12:53:00"
965,952,DJS567,BUS987SE,0,1,"2020-06-04 12:55:00"
966,952,DJS567,BUS548NE,3,1,"2020-06-04 12:56:00"
967,952,DJS567,BUS257,0,2,"2020-06-04 13:00:00"
968,952,DJS567,BUS231N,1,2,"2020-06-04 13:01:00"
969,952,DJS567,BUS681,2,2,"2020-06-04 13:03:00"
970,952,DJS567,BUS626SE,0,1,"2020-06-04 13:05:00"
971,952,DJS567,BUS309,4,2,"2020-06-04 13:06:00"
972,952,DJS567,BUS971,4,5,"2020-06-04 13:08:00"
973,952,DJS567,BUS528,2,0,"2020-06-04 13:10:00"
974,952,DJS567,BUS375SW,2,2,"2020-06-04 13:11:00"
975,952,DJS567,BUS630,1,2,"2020-06-04 13:13:00"
976,952,DJS567,BUS409,3,5,"2020-06-04 13:15:00"
977,952,DJS567,BUS739,1,0,"2020-06-04 13:16:00"
978,952,DJS567,BUS982,0,0,"2020-06-04 13:18:00"
979,952,DJS567,BUS188,2,0,"2020-06-04 13:20:00"
980,952,DJS567,BUS694NE,4,3,"2020-06-04 13:21:00"
981,1024,DJS567,BUS269,1,1,"2020-06-04 13:23:00"
982,1024,DJS567,BUS546N,3,1,"2020-06-04 13:25:00"
983,1024,DJS567,BUS451,2,3,"2020-06-04 13:26:00"
984,1024,DJS567,BUS324,3,1,"2020-06-04 13:28:00"
985,1024,DJS567,BUS133,2,1,"2020-06-04 13:30:00"
986,1024,DJS567,BUS239,1,1,"2020-06-04 13:31:00"
987,1024,DJS567,BUS928SE,0,1,"2020-06-04 13:33:00"
988,1024,DJS567,BUS541,0,1,"2020-06-04 13:35:00"
989,1024,DJS567,BUS564,4,1,"2020-06-04 13:36:00"
990,1024,DJS567,BUS651,1,2,"2020-06-04 13:38:00"
991,1024,DJS567,BUS683,1,3,"2020-06-04 13:40:00"
992,1024,DJS567,BUS825,2,1,"2020-06-04 13:41:00"
993,1024,DJS567,BUS301N,2,1,"2020-06-04 13:43:00"
994,1024,DJS567,BUS871,2,1,"2020-06-04 13:45:00"
995,1024,DJS567,BUS403,2,0,"2020-06-04 13:46:00"
996,1024,DJS567,BUS375W,3,0,"2020-06-04 13:48:00"
997,1024,DJS567,BUS525,2,2,"2020-06-04 13:50:00"
998,1024,DJS567,BUS322,0,0,"2020-06-04 13:51:00"
999,1024,DJS567,BUS771,2,4,"2020-06-04 13:53:00"
1000,1024,DJS567,BUS987SE,2,0,"2020-06-04 13:55:00"
1001,1024,DJS567,BUS548NE,3,3,"2020-06-04 13:56:00"
1002,1024,DJS567,BUS257,1,2,"2020-06-04 13:00:00"
1003,1024,DJS567,BUS231N,3,0,"2020-06-04 13:01:00"
1004,1024,DJS567,BUS681,2,1,"2020-06-04 13:03:00"
1005,1024,DJS567,BUS626SE,1,1,"2020-06-04 13:05:00"
1006,1024,DJS567,BUS309,3,0,"2020-06-04 13:06:00"
1007,1024,DJS567,BUS971,2,2,"2020-06-04 13:08:00"
1008,1024,DJS567,BUS528,1,1,"2020-06-04 13:10:00"
1009,1024,DJS567,BUS375SW,0,1,"2020-06-04 13:11:00"
1010,1024,DJS567,BUS630,1,1,"2020-06-04 13:13:00"
1011,1024,DJS567,BUS409,1,3,"2020-06-04 13:15:00"
1012,1024,DJS567,BUS739,2,1,"2020-06-04 13:16:00"
1013,1024,DJS567,BUS982,0,2,"2020-06-04 13:18:00"
1014,1024,DJS567,BUS188,1,1,"2020-06-04 13:20:00"
1015,1024,DJS567,BUS694NE,4,2,"2020-06-04 13:21:00"
1016,3,DJS567,BUS889,2,0,"2020-06-04 09:00:00"
1017,3,DJS567,BUS472S,1,1,"2020-06-04 09:03:00"
1018,3,DJS567,BUS850,1,0,"2020-06-04 09:05:00"
1019,3,DJS567,BUS394,3,3,"2020-06-04 09:06:00"
1020,3,DJS567,BUS130,1,3,"2020-06-04 09:08:00"
1021,3,DJS567,BUS974,1,2,"2020-06-04 09:10:00"
1022,3,DJS567,BUS931,4,3,"2020-06-04 09:11:00"
1023,3,DJS567,BUS511NW,2,1,"2020-06-04 09:13:00"
1024,3,DJS567,BUS949,1,3,"2020-06-04 09:15:00"
1025,3,DJS567,BUS669,5,2,"2020-06-04 09:16:00"
1026,3,DJS567,BUS108,2,3,"2020-06-04 09:18:00"
1027,3,DJS567,BUS207,3,2,"2020-06-04 09:20:00"
1028,3,DJS567,BUS735E,2,3,"2020-06-04 09:21:00"
1029,3,DJS567,BUS875SW,2,3,"2020-06-04 09:23:00"
1030,3,DJS567,BUS240,2,3,"2020-06-04 09:25:00"
1031,3,DJS567,BUS906E,6,2,"2020-06-04 09:26:00"
1032,3,DJS567,BUS948,1,1,"2020-06-04 09:28:00"
1033,3,DJS567,BUS458,6,2,"2020-06-04 09:30:00"
1034,3,DJS567,BUS200S,0,0,"2020-06-04 09:31:00"
1035,3,DJS567,BUS330SW,0,3,"2020-06-04 09:33:00"
1036,3,DJS567,BUS797N,1,0,"2020-06-04 09:35:00"
1037,3,DJS567,BUS386,2,3,"2020-06-04 09:36:00"
1038,3,DJS567,BUS721,0,0,"2020-06-04 09:38:00"
1039,3,DJS567,BUS765NE,1,2,"2020-06-04 09:40:00"
1040,3,DJS567,BUS118,0,1,"2020-06-04 09:41:00"
1041,3,DJS567,BUS674,2,0,"2020-06-04 09:43:00"
1042,3,DJS567,BUS405,0,2,"2020-06-04 09:45:00"
1043,3,DJS567,BUS279,2,0,"2020-06-04 09:46:00"
1044,3,DJS567,BUS431,1,1,"2020-06-04 09:48:00"
1045,3,DJS567,BUS113NW,0,1,"2020-06-04 09:50:00"
1046,3,DJS567,BUS730,2,2,"2020-06-04 09:51:00"
1047,3,DJS567,BUS378NW,1,0,"2020-06-04 09:53:00"
1048,3,DJS567,BUS671,1,1,"2020-06-04 09:55:00"
1049,3,DJS567,BUS215,1,0,"2020-06-04 09:56:00"
1050,3,DJS567,BUS699SW,0,6,"2020-06-04 09:00:00"
1051,11,DJS567,BUS889,2,0,"2020-06-04 09:01:00"
1052,11,DJS567,BUS472S,1,1,"2020-06-04 09:05:00"
1053,11,DJS567,BUS850,1,0,"2020-06-04 09:06:00"
1054,11,DJS567,BUS394,3,3,"2020-06-04 09:08:00"
1055,11,DJS567,BUS130,1,3,"2020-06-04 09:10:00"
1056,11,DJS567,BUS974,1,2,"2020-06-04 09:11:00"
1057,11,DJS567,BUS931,4,3,"2020-06-04 09:13:00"
1058,11,DJS567,BUS511NW,2,1,"2020-06-04 09:15:00"
1059,11,DJS567,BUS949,1,3,"2020-06-04 09:16:00"
1060,11,DJS567,BUS669,5,2,"2020-06-04 09:18:00"
1061,11,DJS567,BUS108,2,3,"2020-06-04 09:20:00"
1062,11,DJS567,BUS207,3,2,"2020-06-04 09:21:00"
1063,11,DJS567,BUS735E,2,3,"2020-06-04 09:23:00"
1064,11,DJS567,BUS875SW,2,3,"2020-06-04 09:25:00"
1065,11,DJS567,BUS240,2,3,"2020-06-04 09:26:00"
1066,11,DJS567,BUS906E,6,2,"2020-06-04 09:28:00"
1067,11,DJS567,BUS948,1,1,"2020-06-04 09:30:00"
1068,11,DJS567,BUS458,6,2,"2020-06-04 09:31:00"
1069,11,DJS567,BUS200S,0,0,"2020-06-04 09:33:00"
1070,11,DJS567,BUS330SW,0,3,"2020-06-04 09:35:00"
1071,11,DJS567,BUS797N,1,0,"2020-06-04 09:36:00"
1072,11,DJS567,BUS386,2,3,"2020-06-04 09:38:00"
1073,11,DJS567,BUS721,0,0,"2020-06-04 09:40:00"
1074,11,DJS567,BUS765NE,1,2,"2020-06-04 09:41:00"
1075,11,DJS567,BUS118,0,1,"2020-06-04 09:43:00"
1076,11,DJS567,BUS674,2,0,"2020-06-04 09:45:00"
1077,11,DJS567,BUS405,0,2,"2020-06-04 09:46:00"
1078,11,DJS567,BUS279,2,0,"2020-06-04 09:48:00"
1079,11,DJS567,BUS431,1,1,"2020-06-04 09:50:00"
1080,11,DJS567,BUS113NW,0,1,"2020-06-04 09:51:00"
1081,11,DJS567,BUS730,2,2,"2020-06-04 09:53:00"
1082,11,DJS567,BUS378NW,1,0,"2020-06-04 09:55:00"
1083,11,DJS567,BUS671,1,1,"2020-06-04 09:56:00"
1084,11,DJS567,BUS215,1,0,"2020-06-04 10:00:00"
1085,11,DJS567,BUS699SW,0,6,"2020-06-04 10:01:00"
1086,27,DJS567,BUS889,2,0,"2020-06-04 10:03:00"
1087,27,DJS567,BUS472S,1,1,"2020-06-04 10:06:00"
1088,27,DJS567,BUS850,1,0,"2020-06-04 10:08:00"
1089,27,DJS567,BUS394,3,3,"2020-06-04 10:10:00"
1090,27,DJS567,BUS130,1,3,"2020-06-04 10:11:00"
1091,27,DJS567,BUS974,1,2,"2020-06-04 10:13:00"
1092,27,DJS567,BUS931,4,3,"2020-06-04 10:15:00"
1093,27,DJS567,BUS511NW,2,1,"2020-06-04 10:16:00"
1094,27,DJS567,BUS949,1,3,"2020-06-04 10:18:00"
1095,27,DJS567,BUS669,5,2,"2020-06-04 10:20:00"
1096,27,DJS567,BUS108,2,3,"2020-06-04 10:21:00"
1097,27,DJS567,BUS207,3,2,"2020-06-04 10:23:00"
1098,27,DJS567,BUS735E,2,3,"2020-06-04 10:25:00"
1099,27,DJS567,BUS875SW,2,3,"2020-06-04 10:26:00"
1100,27,DJS567,BUS240,2,3,"2020-06-04 10:28:00"
1101,27,DJS567,BUS906E,6,2,"2020-06-04 10:30:00"
1102,27,DJS567,BUS948,1,1,"2020-06-04 10:31:00"
1103,27,DJS567,BUS458,6,2,"2020-06-04 10:33:00"
1104,27,DJS567,BUS200S,0,0,"2020-06-04 10:35:00"
1105,27,DJS567,BUS330SW,0,3,"2020-06-04 10:36:00"
1106,27,DJS567,BUS797N,1,0,"2020-06-04 10:38:00"
1107,27,DJS567,BUS386,2,3,"2020-06-04 10:40:00"
1108,27,DJS567,BUS721,0,0,"2020-06-04 10:41:00"
1109,27,DJS567,BUS765NE,1,2,"2020-06-04 10:43:00"
1110,27,DJS567,BUS118,0,1,"2020-06-04 10:45:00"
1111,27,DJS567,BUS674,2,0,"2020-06-04 10:46:00"
1112,27,DJS567,BUS405,0,2,"2020-06-04 10:48:00"
1113,27,DJS567,BUS279,2,0,"2020-06-04 10:50:00"
1114,27,DJS567,BUS431,1,1,"2020-06-04 10:51:00"
1115,27,DJS567,BUS113NW,0,1,"2020-06-04 10:53:00"
1116,27,DJS567,BUS730,2,2,"2020-06-04 10:55:00"
1117,27,DJS567,BUS378NW,1,0,"2020-06-04 10:56:00"
1118,27,DJS567,BUS671,1,1,"2020-06-04 10:00:00"
1119,27,DJS567,BUS215,1,0,"2020-06-04 10:01:00"
1120,27,DJS567,BUS699SW,0,6,"2020-06-04 10:03:00"
1121,51,DJS567,BUS889,3,0,"2020-06-04 10:05:00"
1122,51,DJS567,BUS472S,3,1,"2020-06-04 10:08:00"
1123,51,DJS567,BUS850,5,0,"2020-06-04 10:10:00"
1124,51,DJS567,BUS394,7,3,"2020-06-04 10:11:00"
1125,51,DJS567,BUS130,9,3,"2020-06-04 10:13:00"
1126,51,DJS567,BUS974,1,2,"2020-06-04 10:15:00"
1127,51,DJS567,BUS931,4,3,"2020-06-04 10:16:00"
1128,51,DJS567,BUS511NW,2,1,"2020-06-04 10:18:00"
1129,51,DJS567,BUS949,3,3,"2020-06-04 10:20:00"
1130,51,DJS567,BUS669,5,2,"2020-06-04 10:21:00"
1131,51,DJS567,BUS108,5,3,"2020-06-04 10:23:00"
1132,51,DJS567,BUS207,3,2,"2020-06-04 10:25:00"
1133,51,DJS567,BUS735E,2,3,"2020-06-04 10:26:00"
1134,51,DJS567,BUS875SW,4,3,"2020-06-04 10:28:00"
1135,51,DJS567,BUS240,2,3,"2020-06-04 10:30:00"
1136,51,DJS567,BUS906E,6,2,"2020-06-04 10:31:00"
1137,51,DJS567,BUS948,2,1,"2020-06-04 10:33:00"
1138,51,DJS567,BUS458,5,2,"2020-06-04 10:35:00"
1139,51,DJS567,BUS200S,0,2,"2020-06-04 10:36:00"
1140,51,DJS567,BUS330SW,0,3,"2020-06-04 10:38:00"
1141,51,DJS567,BUS797N,1,2,"2020-06-04 10:40:00"
1142,51,DJS567,BUS386,2,3,"2020-06-04 10:41:00"
1143,51,DJS567,BUS721,0,3,"2020-06-04 10:43:00"
1144,51,DJS567,BUS765NE,1,2,"2020-06-04 10:45:00"
1145,51,DJS567,BUS118,1,1,"2020-06-04 10:46:00"
1146,51,DJS567,BUS674,2,0,"2020-06-04 10:48:00"
1147,51,DJS567,BUS405,0,2,"2020-06-04 10:50:00"
1148,51,DJS567,BUS279,2,3,"2020-06-04 10:51:00"
1149,51,DJS567,BUS431,1,1,"2020-06-04 10:53:00"
1150,51,DJS567,BUS113NW,0,1,"2020-06-04 10:55:00"
1151,51,DJS567,BUS730,2,2,"2020-06-04 10:56:00"
1152,51,DJS567,BUS378NW,1,11,"2020-06-04 11:00:00"
1153,51,DJS567,BUS671,1,5,"2020-06-04 11:01:00"
1154,51,DJS567,BUS215,1,2,"2020-06-04 11:03:00"
1155,51,DJS567,BUS699SW,0,6,"2020-06-04 11:05:00"
1156,67,DJS567,BUS889,2,0,"2020-06-04 11:06:00"
1157,67,DJS567,BUS472S,1,1,"2020-06-04 11:10:00"
1158,67,DJS567,BUS850,1,0,"2020-06-04 11:11:00"
1159,67,DJS567,BUS394,3,3,"2020-06-04 11:13:00"
1160,67,DJS567,BUS130,1,3,"2020-06-04 11:15:00"
1161,67,DJS567,BUS974,1,2,"2020-06-04 11:16:00"
1162,67,DJS567,BUS931,4,3,"2020-06-04 11:18:00"
1163,67,DJS567,BUS511NW,2,1,"2020-06-04 11:20:00"
1164,67,DJS567,BUS949,1,3,"2020-06-04 11:21:00"
1165,67,DJS567,BUS669,5,2,"2020-06-04 11:23:00"
1166,67,DJS567,BUS108,2,3,"2020-06-04 11:25:00"
1167,67,DJS567,BUS207,3,2,"2020-06-04 11:26:00"
1168,67,DJS567,BUS735E,2,3,"2020-06-04 11:28:00"
1169,67,DJS567,BUS875SW,2,3,"2020-06-04 11:30:00"
1170,67,DJS567,BUS240,2,3,"2020-06-04 11:31:00"
1171,67,DJS567,BUS906E,6,2,"2020-06-04 11:33:00"
1172,67,DJS567,BUS948,1,1,"2020-06-04 11:35:00"
1173,67,DJS567,BUS458,6,2,"2020-06-04 11:36:00"
1174,67,DJS567,BUS200S,0,0,"2020-06-04 11:38:00"
1175,67,DJS567,BUS330SW,0,3,"2020-06-04 11:40:00"
1176,67,DJS567,BUS797N,1,0,"2020-06-04 11:41:00"
1177,67,DJS567,BUS386,2,3,"2020-06-04 11:43:00"
1178,67,DJS567,BUS721,0,0,"2020-06-04 11:45:00"
1179,67,DJS567,BUS765NE,1,2,"2020-06-04 11:46:00"
1180,67,DJS567,BUS118,0,1,"2020-06-04 11:48:00"
1181,67,DJS567,BUS674,2,0,"2020-06-04 11:50:00"
1182,67,DJS567,BUS405,0,2,"2020-06-04 11:51:00"
1183,67,DJS567,BUS279,2,0,"2020-06-04 11:53:00"
1184,67,DJS567,BUS431,1,1,"2020-06-04 11:55:00"
1185,67,DJS567,BUS113NW,0,1,"2020-06-04 11:56:00"
1186,67,DJS567,BUS730,2,2,"2020-06-04 11:00:00"
1187,67,DJS567,BUS378NW,1,0,"2020-06-04 11:01:00"
1188,67,DJS567,BUS671,1,1,"2020-06-04 11:03:00"
1189,67,DJS567,BUS215,1,0,"2020-06-04 11:05:00"
1190,67,DJS567,BUS699SW,0,6,"2020-06-04 11:06:00"
1191,91,DJS567,BUS889,3,0,"2020-06-04 11:08:00"
1192,91,DJS567,BUS472S,3,1,"2020-06-04 11:11:00"
1193,91,DJS567,BUS850,5,0,"2020-06-04 11:13:00"
1194,91,DJS567,BUS394,7,3,"2020-06-04 11:15:00"
1195,91,DJS567,BUS130,9,3,"2020-06-04 11:16:00"
1196,91,DJS567,BUS974,1,2,"2020-06-04 11:18:00"
1197,91,DJS567,BUS931,4,3,"2020-06-04 11:20:00"
1198,91,DJS567,BUS511NW,2,1,"2020-06-04 11:21:00"
1199,91,DJS567,BUS949,3,3,"2020-06-04 11:23:00"
1200,91,DJS567,BUS669,5,2,"2020-06-04 11:25:00"
1201,91,DJS567,BUS108,5,3,"2020-06-04 11:26:00"
1202,91,DJS567,BUS207,3,2,"2020-06-04 11:28:00"
1203,91,DJS567,BUS735E,2,3,"2020-06-04 11:30:00"
1204,91,DJS567,BUS875SW,4,3,"2020-06-04 11:31:00"
1205,91,DJS567,BUS240,2,3,"2020-06-04 11:33:00"
1206,91,DJS567,BUS906E,6,2,"2020-06-04 11:35:00"
1207,91,DJS567,BUS948,2,1,"2020-06-04 11:36:00"
1208,91,DJS567,BUS458,5,2,"2020-06-04 11:38:00"
1209,91,DJS567,BUS200S,0,2,"2020-06-04 11:40:00"
1210,91,DJS567,BUS330SW,0,3,"2020-06-04 11:41:00"
1211,91,DJS567,BUS797N,1,2,"2020-06-04 11:43:00"
1212,91,DJS567,BUS386,2,3,"2020-06-04 11:45:00"
1213,91,DJS567,BUS721,3,4,"2020-06-04 11:46:00"
1214,91,DJS567,BUS765NE,1,2,"2020-06-04 11:48:00"
1215,91,DJS567,BUS118,1,1,"2020-06-04 11:50:00"
1216,91,DJS567,BUS674,2,0,"2020-06-04 11:51:00"
1217,91,DJS567,BUS405,0,2,"2020-06-04 11:53:00"
1218,91,DJS567,BUS279,2,3,"2020-06-04 11:55:00"
1219,91,DJS567,BUS431,1,1,"2020-06-04 11:56:00"
1220,91,DJS567,BUS113NW,0,1,"2020-06-04 12:00:00"
1221,91,DJS567,BUS730,2,2,"2020-06-04 12:01:00"
1222,91,DJS567,BUS378NW,1,11,"2020-06-04 12:03:00"
1223,91,DJS567,BUS671,1,7,"2020-06-04 12:05:00"
1224,91,DJS567,BUS215,1,2,"2020-06-04 12:06:00"
1225,91,DJS567,BUS699SW,0,6,"2020-06-04 12:08:00"
1226,99,DJS567,BUS889,3,0,"2020-06-04 12:10:00"
1227,99,DJS567,BUS472S,3,1,"2020-06-04 12:13:00"
1228,99,DJS567,BUS850,5,0,"2020-06-04 12:15:00"
1229,99,DJS567,BUS394,7,3,"2020-06-04 12:16:00"
1230,99,DJS567,BUS130,9,3,"2020-06-04 12:18:00"
1231,99,DJS567,BUS974,1,2,"2020-06-04 12:20:00"
1232,99,DJS567,BUS931,4,3,"2020-06-04 12:21:00"
1233,99,DJS567,BUS511NW,2,1,"2020-06-04 12:23:00"
1234,99,DJS567,BUS949,3,3,"2020-06-04 12:25:00"
1235,99,DJS567,BUS669,5,2,"2020-06-04 12:26:00"
1236,99,DJS567,BUS108,5,3,"2020-06-04 12:28:00"
1237,99,DJS567,BUS207,3,2,"2020-06-04 12:30:00"
1238,99,DJS567,BUS735E,2,3,"2020-06-04 12:31:00"
1239,99,DJS567,BUS875SW,4,3,"2020-06-04 12:33:00"
1240,99,DJS567,BUS240,2,3,"2020-06-04 12:35:00"
1241,99,DJS567,BUS906E,6,2,"2020-06-04 12:36:00"
1242,99,DJS567,BUS948,2,1,"2020-06-04 12:38:00"
1243,99,DJS567,BUS458,5,2,"2020-06-04 12:40:00"
1244,99,DJS567,BUS200S,0,2,"2020-06-04 12:41:00"
1245,99,DJS567,BUS330SW,0,3,"2020-06-04 12:43:00"
1246,99,DJS567,BUS797N,1,2,"2020-06-04 12:45:00"
1247,99,DJS567,BUS386,2,3,"2020-06-04 12:46:00"
1248,99,DJS567,BUS721,0,3,"2020-06-04 12:48:00"
1249,99,DJS567,BUS765NE,1,2,"2020-06-04 12:50:00"
1250,99,DJS567,BUS118,1,1,"2020-06-04 12:51:00"
1251,99,DJS567,BUS674,2,0,"2020-06-04 12:53:00"
1252,99,DJS567,BUS405,0,2,"2020-06-04 12:55:00"
1253,99,DJS567,BUS279,2,3,"2020-06-04 12:56:00"
1254,99,DJS567,BUS431,1,1,"2020-06-04 12:00:00"
1255,99,DJS567,BUS113NW,0,1,"2020-06-04 12:01:00"
1256,99,DJS567,BUS730,2,2,"2020-06-04 12:03:00"
1257,99,DJS567,BUS378NW,1,11,"2020-06-04 12:05:00"
1258,99,DJS567,BUS671,1,5,"2020-06-04 12:06:00"
1259,99,DJS567,BUS215,1,2,"2020-06-04 12:08:00"
1260,99,DJS567,BUS699SW,0,6,"2020-06-04 12:10:00"
1261,123,DJS567,BUS889,3,0,"2020-06-04 12:11:00"
1262,123,DJS567,BUS472S,3,1,"2020-06-04 12:15:00"
1263,123,DJS567,BUS850,5,0,"2020-06-04 12:16:00"
1264,123,DJS567,BUS394,7,3,"2020-06-04 12:18:00"
1265,123,DJS567,BUS130,9,3,"2020-06-04 12:20:00"
1266,123,DJS567,BUS974,1,2,"2020-06-04 12:21:00"
1267,123,DJS567,BUS931,4,3,"2020-06-04 12:23:00"
1268,123,DJS567,BUS511NW,2,1,"2020-06-04 12:25:00"
1269,123,DJS567,BUS949,3,3,"2020-06-04 12:26:00"
1270,123,DJS567,BUS669,5,2,"2020-06-04 12:28:00"
1271,123,DJS567,BUS108,5,3,"2020-06-04 12:30:00"
1272,123,DJS567,BUS207,3,2,"2020-06-04 12:31:00"
1273,123,DJS567,BUS735E,2,3,"2020-06-04 12:33:00"
1274,123,DJS567,BUS875SW,4,3,"2020-06-04 12:35:00"
1275,123,DJS567,BUS240,2,3,"2020-06-04 12:36:00"
1276,123,DJS567,BUS906E,6,2,"2020-06-04 12:38:00"
1277,123,DJS567,BUS948,2,1,"2020-06-04 12:40:00"
1278,123,DJS567,BUS458,5,2,"2020-06-04 12:41:00"
1279,123,DJS567,BUS200S,0,2,"2020-06-04 12:43:00"
1280,123,DJS567,BUS330SW,0,3,"2020-06-04 12:45:00"
1281,123,DJS567,BUS797N,1,2,"2020-06-04 12:46:00"
1282,123,DJS567,BUS386,2,3,"2020-06-04 12:48:00"
1283,123,DJS567,BUS721,0,3,"2020-06-04 12:50:00"
1284,123,DJS567,BUS765NE,1,2,"2020-06-04 12:51:00"
1285,123,DJS567,BUS118,1,1,"2020-06-04 12:53:00"
1286,123,DJS567,BUS674,2,0,"2020-06-04 12:55:00"
1287,123,DJS567,BUS405,0,2,"2020-06-04 12:56:00"
1288,123,DJS567,BUS279,2,3,"2020-06-04 13:00:00"
1289,123,DJS567,BUS431,1,1,"2020-06-04 13:01:00"
1290,123,DJS567,BUS113NW,0,1,"2020-06-04 13:03:00"
1291,123,DJS567,BUS730,2,2,"2020-06-04 13:05:00"
1292,123,DJS567,BUS378NW,1,11,"2020-06-04 13:06:00"
1293,123,DJS567,BUS671,1,5,"2020-06-04 13:08:00"
1294,123,DJS567,BUS215,1,2,"2020-06-04 13:10:00"
1295,123,DJS567,BUS699SW,0,6,"2020-06-04 13:11:00"
1296,147,DJS567,BUS889,5,0,"2020-06-04 13:13:00"
1297,147,DJS567,BUS472S,2,0,"2020-06-04 13:16:00"
1298,147,DJS567,BUS850,5,5,"2020-06-04 13:18:00"
1299,147,DJS567,BUS394,3,3,"2020-06-04 13:20:00"
1300,147,DJS567,BUS130,8,4,"2020-06-04 13:21:00"
1301,147,DJS567,BUS974,5,4,"2020-06-04 13:23:00"
1302,147,DJS567,BUS931,4,3,"2020-06-04 13:25:00"
1303,147,DJS567,BUS511NW,2,1,"2020-06-04 13:26:00"
1304,147,DJS567,BUS949,4,3,"2020-06-04 13:28:00"
1305,147,DJS567,BUS669,2,2,"2020-06-04 13:30:00"
1306,147,DJS567,BUS108,5,3,"2020-06-04 13:31:00"
1307,147,DJS567,BUS207,7,6,"2020-06-04 13:33:00"
1308,147,DJS567,BUS735E,6,6,"2020-06-04 13:35:00"
1309,147,DJS567,BUS875SW,3,3,"2020-06-04 13:36:00"
1310,147,DJS567,BUS240,5,5,"2020-06-04 13:38:00"
1311,147,DJS567,BUS906E,6,2,"2020-06-04 13:40:00"
1312,147,DJS567,BUS948,2,2,"2020-06-04 13:41:00"
1313,147,DJS567,BUS458,6,6,"2020-06-04 13:43:00"
1314,147,DJS567,BUS200S,8,7,"2020-06-04 13:45:00"
1315,147,DJS567,BUS330SW,3,3,"2020-06-04 13:46:00"
1316,147,DJS567,BUS797N,6,6,"2020-06-04 13:48:00"
1317,147,DJS567,BUS386,2,3,"2020-06-04 13:50:00"
1318,147,DJS567,BUS721,5,4,"2020-06-04 13:51:00"
1319,147,DJS567,BUS765NE,4,2,"2020-06-04 13:53:00"
1320,147,DJS567,BUS118,2,2,"2020-06-04 13:55:00"
1321,147,DJS567,BUS674,2,2,"2020-06-04 13:56:00"
1322,147,DJS567,BUS405,3,2,"2020-06-04 13:00:00"
1323,147,DJS567,BUS279,2,2,"2020-06-04 13:01:00"
1324,147,DJS567,BUS431,5,4,"2020-06-04 13:03:00"
1325,147,DJS567,BUS113NW,5,5,"2020-06-04 13:05:00"
1326,147,DJS567,BUS730,2,2,"2020-06-04 13:06:00"
1327,147,DJS567,BUS378NW,6,5,"2020-06-04 13:08:00"
1328,147,DJS567,BUS671,1,1,"2020-06-04 13:10:00"
1329,147,DJS567,BUS215,1,6,"2020-06-04 13:11:00"
1330,147,DJS567,BUS699SW,0,6,"2020-06-04 13:13:00"
1331,163,DJS567,BUS889,3,0,"2020-06-04 13:15:00"
1332,163,DJS567,BUS472S,3,1,"2020-06-04 13:18:00"
1333,163,DJS567,BUS850,5,0,"2020-06-04 13:20:00"
1334,163,DJS567,BUS394,7,3,"2020-06-04 13:21:00"
1335,163,DJS567,BUS130,9,3,"2020-06-04 13:23:00"
1336,163,DJS567,BUS974,1,2,"2020-06-04 13:25:00"
1337,163,DJS567,BUS931,4,3,"2020-06-04 13:26:00"
1338,163,DJS567,BUS511NW,2,1,"2020-06-04 13:28:00"
1339,163,DJS567,BUS949,3,3,"2020-06-04 13:30:00"
1340,163,DJS567,BUS669,5,2,"2020-06-04 13:31:00"
1341,163,DJS567,BUS108,5,3,"2020-06-04 13:33:00"
1342,163,DJS567,BUS207,3,2,"2020-06-04 13:35:00"
1343,163,DJS567,BUS735E,2,3,"2020-06-04 13:36:00"
1344,163,DJS567,BUS875SW,4,3,"2020-06-04 13:38:00"
1345,163,DJS567,BUS240,2,3,"2020-06-04 13:40:00"
1346,163,DJS567,BUS906E,6,2,"2020-06-04 13:41:00"
1347,163,DJS567,BUS948,2,1,"2020-06-04 13:43:00"
1348,163,DJS567,BUS458,5,2,"2020-06-04 13:45:00"
1349,163,DJS567,BUS200S,0,2,"2020-06-04 13:46:00"
1350,163,DJS567,BUS330SW,0,3,"2020-06-04 13:48:00"
1351,163,DJS567,BUS797N,1,2,"2020-06-04 13:50:00"
1352,163,DJS567,BUS386,2,3,"2020-06-04 13:51:00"
1353,163,DJS567,BUS721,0,3,"2020-06-04 13:53:00"
1354,163,DJS567,BUS765NE,1,2,"2020-06-04 13:55:00"
1355,163,DJS567,BUS118,1,1,"2020-06-04 13:56:00"
1356,163,DJS567,BUS674,2,0,"2020-06-04 14:00:00"
1357,163,DJS567,BUS405,0,2,"2020-06-04 14:01:00"
1358,163,DJS567,BUS279,2,3,"2020-06-04 14:03:00"
1359,163,DJS567,BUS431,1,1,"2020-06-04 14:05:00"
1360,163,DJS567,BUS113NW,0,1,"2020-06-04 14:06:00"
1361,163,DJS567,BUS730,2,2,"2020-06-04 14:08:00"
1362,163,DJS567,BUS378NW,1,11,"2020-06-04 14:10:00"
1363,163,DJS567,BUS671,1,5,"2020-06-04 14:11:00"
1364,163,DJS567,BUS215,1,2,"2020-06-04 14:13:00"
1365,163,DJS567,BUS699SW,0,6,"2020-06-04 14:15:00"
1366,266,DJS567,BUS889,2,0,"2020-06-04 14:16:00"
1367,266,DJS567,BUS472S,1,1,"2020-06-04 14:20:00"
1368,266,DJS567,BUS850,1,0,"2020-06-04 14:21:00"
1369,266,DJS567,BUS394,3,3,"2020-06-04 14:23:00"
1370,266,DJS567,BUS130,1,3,"2020-06-04 14:25:00"
1371,266,DJS567,BUS974,1,2,"2020-06-04 14:26:00"
1372,266,DJS567,BUS931,4,3,"2020-06-04 14:28:00"
1373,266,DJS567,BUS511NW,2,1,"2020-06-04 14:30:00"
1374,266,DJS567,BUS949,1,3,"2020-06-04 14:31:00"
1375,266,DJS567,BUS669,5,2,"2020-06-04 14:33:00"
1376,266,DJS567,BUS108,2,3,"2020-06-04 14:35:00"
1377,266,DJS567,BUS207,3,2,"2020-06-04 14:36:00"
1378,266,DJS567,BUS735E,2,3,"2020-06-04 14:38:00"
1379,266,DJS567,BUS875SW,2,3,"2020-06-04 14:40:00"
1380,266,DJS567,BUS240,2,3,"2020-06-04 14:41:00"
1381,266,DJS567,BUS906E,6,2,"2020-06-04 14:43:00"
1382,266,DJS567,BUS948,1,1,"2020-06-04 14:45:00"
1383,266,DJS567,BUS458,6,2,"2020-06-04 14:46:00"
1384,266,DJS567,BUS200S,0,0,"2020-06-04 14:48:00"
1385,266,DJS567,BUS330SW,0,3,"2020-06-04 14:50:00"
1386,266,DJS567,BUS797N,1,0,"2020-06-04 14:51:00"
1387,266,DJS567,BUS386,2,3,"2020-06-04 14:53:00"
1388,266,DJS567,BUS721,0,0,"2020-06-04 14:55:00"
1389,266,DJS567,BUS765NE,1,2,"2020-06-04 14:56:00"
1390,266,DJS567,BUS118,0,1,"2020-06-04 14:00:00"
1391,266,DJS567,BUS674,2,0,"2020-06-04 14:01:00"
1392,266,DJS567,BUS405,0,2,"2020-06-04 14:03:00"
1393,266,DJS567,BUS279,2,0,"2020-06-04 14:05:00"
1394,266,DJS567,BUS431,1,1,"2020-06-04 14:06:00"
1395,266,DJS567,BUS113NW,0,1,"2020-06-04 14:08:00"
1396,266,DJS567,BUS730,2,2,"2020-06-04 14:10:00"
1397,266,DJS567,BUS378NW,1,0,"2020-06-04 14:11:00"
1398,266,DJS567,BUS671,1,1,"2020-06-04 14:13:00"
1399,266,DJS567,BUS215,1,0,"2020-06-04 14:15:00"
1400,266,DJS567,BUS699SW,0,6,"2020-06-04 14:16:00"
1401,274,DJS567,BUS889,2,0,"2020-06-04 14:18:00"
1402,274,DJS567,BUS472S,1,1,"2020-06-04 14:21:00"
1403,274,DJS567,BUS850,1,0,"2020-06-04 14:23:00"
1404,274,DJS567,BUS394,3,3,"2020-06-04 14:25:00"
1405,274,DJS567,BUS130,1,3,"2020-06-04 14:26:00"
1406,274,DJS567,BUS974,1,2,"2020-06-04 14:28:00"
1407,274,DJS567,BUS931,4,3,"2020-06-04 14:30:00"
1408,274,DJS567,BUS511NW,2,1,"2020-06-04 14:31:00"
1409,274,DJS567,BUS949,1,3,"2020-06-04 14:33:00"
1410,274,DJS567,BUS669,5,2,"2020-06-04 14:35:00"
1411,274,DJS567,BUS108,2,3,"2020-06-04 14:36:00"
1412,274,DJS567,BUS207,3,2,"2020-06-04 14:38:00"
1413,274,DJS567,BUS735E,2,3,"2020-06-04 14:40:00"
1414,274,DJS567,BUS875SW,2,3,"2020-06-04 14:41:00"
1415,274,DJS567,BUS240,2,3,"2020-06-04 14:43:00"
1416,274,DJS567,BUS906E,6,2,"2020-06-04 14:45:00"
1417,274,DJS567,BUS948,1,1,"2020-06-04 14:46:00"
1418,274,DJS567,BUS458,6,2,"2020-06-04 14:48:00"
1419,274,DJS567,BUS200S,0,0,"2020-06-04 14:50:00"
1420,274,DJS567,BUS330SW,0,3,"2020-06-04 14:51:00"
1421,274,DJS567,BUS797N,1,0,"2020-06-04 14:53:00"
1422,274,DJS567,BUS386,2,3,"2020-06-04 14:55:00"
1423,274,DJS567,BUS721,0,0,"2020-06-04 14:56:00"
1424,274,DJS567,BUS765NE,1,2,"2020-06-04 15:00:00"
1425,274,DJS567,BUS118,0,1,"2020-06-04 15:01:00"
1426,274,DJS567,BUS674,2,0,"2020-06-04 15:03:00"
1427,274,DJS567,BUS405,0,2,"2020-06-04 15:05:00"
1428,274,DJS567,BUS279,2,0,"2020-06-04 15:06:00"
1429,274,DJS567,BUS431,1,1,"2020-06-04 15:08:00"
1430,274,DJS567,BUS113NW,0,1,"2020-06-04 15:10:00"
1431,274,DJS567,BUS730,2,2,"2020-06-04 15:11:00"
1432,274,DJS567,BUS378NW,1,0,"2020-06-04 15:13:00"
1433,274,DJS567,BUS671,1,1,"2020-06-04 15:15:00"
1434,274,DJS567,BUS215,1,0,"2020-06-04 15:16:00"
1435,274,DJS567,BUS699SW,0,6,"2020-06-04 15:18:00"
1436,298,DJS567,BUS889,2,0,"2020-06-04 15:20:00"
1437,298,DJS567,BUS472S,1,1,"2020-06-04 15:23:00"
1438,298,DJS567,BUS850,1,0,"2020-06-04 15:25:00"
1439,298,DJS567,BUS394,3,3,"2020-06-04 15:26:00"
1440,298,DJS567,BUS130,1,3,"2020-06-04 15:28:00"
1441,298,DJS567,BUS974,1,2,"2020-06-04 15:30:00"
1442,298,DJS567,BUS931,4,3,"2020-06-04 15:31:00"
1443,298,DJS567,BUS511NW,2,1,"2020-06-04 15:33:00"
1444,298,DJS567,BUS949,1,3,"2020-06-04 15:35:00"
1445,298,DJS567,BUS669,5,2,"2020-06-04 15:36:00"
1446,298,DJS567,BUS108,2,3,"2020-06-04 15:38:00"
1447,298,DJS567,BUS207,3,2,"2020-06-04 15:40:00"
1448,298,DJS567,BUS735E,2,3,"2020-06-04 15:41:00"
1449,298,DJS567,BUS875SW,2,3,"2020-06-04 15:43:00"
1450,298,DJS567,BUS240,2,3,"2020-06-04 15:45:00"
1451,298,DJS567,BUS906E,6,2,"2020-06-04 15:46:00"
1452,298,DJS567,BUS948,1,1,"2020-06-04 15:48:00"
1453,298,DJS567,BUS458,6,2,"2020-06-04 15:50:00"
1454,298,DJS567,BUS200S,0,0,"2020-06-04 15:51:00"
1455,298,DJS567,BUS330SW,0,3,"2020-06-04 15:53:00"
1456,298,DJS567,BUS797N,1,0,"2020-06-04 15:55:00"
1457,298,DJS567,BUS386,2,3,"2020-06-04 15:56:00"
1458,298,DJS567,BUS721,0,0,"2020-06-04 15:00:00"
1459,298,DJS567,BUS765NE,1,2,"2020-06-04 15:01:00"
1460,298,DJS567,BUS118,0,1,"2020-06-04 15:03:00"
1461,298,DJS567,BUS674,2,0,"2020-06-04 15:05:00"
1462,298,DJS567,BUS405,0,2,"2020-06-04 15:06:00"
1463,298,DJS567,BUS279,2,0,"2020-06-04 15:08:00"
1464,298,DJS567,BUS431,1,1,"2020-06-04 15:10:00"
1465,298,DJS567,BUS113NW,0,1,"2020-06-04 15:11:00"
1466,298,DJS567,BUS730,2,2,"2020-06-04 15:13:00"
1467,298,DJS567,BUS378NW,1,0,"2020-06-04 15:15:00"
1468,298,DJS567,BUS671,1,1,"2020-06-04 15:16:00"
1469,298,DJS567,BUS215,1,0,"2020-06-04 15:18:00"
1470,298,DJS567,BUS699SW,0,6,"2020-06-04 15:20:00"
1471,322,DJS567,BUS889,3,0,"2020-06-04 15:21:00"
1472,322,DJS567,BUS472S,3,1,"2020-06-04 15:25:00"
1473,322,DJS567,BUS850,5,0,"2020-06-04 15:26:00"
1474,322,DJS567,BUS394,7,3,"2020-06-04 15:28:00"
1475,322,DJS567,BUS130,9,3,"2020-06-04 15:30:00"
1476,322,DJS567,BUS974,1,2,"2020-06-04 15:31:00"
1477,322,DJS567,BUS931,4,3,"2020-06-04 15:33:00"
1478,322,DJS567,BUS511NW,2,1,"2020-06-04 15:35:00"
1479,322,DJS567,BUS949,3,3,"2020-06-04 15:36:00"
1480,322,DJS567,BUS669,5,2,"2020-06-04 15:38:00"
1481,322,DJS567,BUS108,5,3,"2020-06-04 15:40:00"
1482,322,DJS567,BUS207,3,2,"2020-06-04 15:41:00"
1483,322,DJS567,BUS735E,2,3,"2020-06-04 15:43:00"
1484,322,DJS567,BUS875SW,4,3,"2020-06-04 15:45:00"
1485,322,DJS567,BUS240,2,3,"2020-06-04 15:46:00"
1486,322,DJS567,BUS906E,7,2,"2020-06-04 15:48:00"
1487,322,DJS567,BUS948,2,1,"2020-06-04 15:50:00"
1488,322,DJS567,BUS458,5,2,"2020-06-04 15:51:00"
1489,322,DJS567,BUS200S,0,2,"2020-06-04 15:53:00"
1490,322,DJS567,BUS330SW,0,3,"2020-06-04 15:55:00"
1491,322,DJS567,BUS797N,1,2,"2020-06-04 15:56:00"
1492,322,DJS567,BUS386,2,3,"2020-06-04 16:00:00"
1493,322,DJS567,BUS721,0,3,"2020-06-04 16:01:00"
1494,322,DJS567,BUS765NE,1,2,"2020-06-04 16:03:00"
1495,322,DJS567,BUS118,1,1,"2020-06-04 16:05:00"
1496,322,DJS567,BUS674,2,0,"2020-06-04 16:06:00"
1497,322,DJS567,BUS405,0,2,"2020-06-04 16:08:00"
1498,322,DJS567,BUS279,2,3,"2020-06-04 16:10:00"
1499,322,DJS567,BUS431,1,1,"2020-06-04 16:11:00"
1500,322,DJS567,BUS113NW,0,1,"2020-06-04 16:13:00"
1501,322,DJS567,BUS730,2,2,"2020-06-04 16:15:00"
1502,322,DJS567,BUS378NW,1,11,"2020-06-04 16:16:00"
1503,322,DJS567,BUS671,1,5,"2020-06-04 16:18:00"
1504,322,DJS567,BUS215,1,2,"2020-06-04 16:20:00"
1505,322,DJS567,BUS699SW,0,6,"2020-06-04 16:21:00"
1506,338,DJS567,BUS889,2,0,"2020-06-04 16:23:00"
1507,338,DJS567,BUS472S,1,1,"2020-06-04 16:26:00"
1508,338,DJS567,BUS850,1,0,"2020-06-04 16:28:00"
1509,338,DJS567,BUS394,3,3,"2020-06-04 16:30:00"
1510,338,DJS567,BUS130,1,3,"2020-06-04 16:31:00"
1511,338,DJS567,BUS974,1,2,"2020-06-04 16:33:00"
1512,338,DJS567,BUS931,4,3,"2020-06-04 16:35:00"
1513,338,DJS567,BUS511NW,2,1,"2020-06-04 16:36:00"
1514,338,DJS567,BUS949,1,3,"2020-06-04 16:38:00"
1515,338,DJS567,BUS669,5,2,"2020-06-04 16:40:00"
1516,338,DJS567,BUS108,2,3,"2020-06-04 16:41:00"
1517,338,DJS567,BUS207,3,2,"2020-06-04 16:43:00"
1518,338,DJS567,BUS735E,2,3,"2020-06-04 16:45:00"
1519,338,DJS567,BUS875SW,2,3,"2020-06-04 16:46:00"
1520,338,DJS567,BUS240,2,3,"2020-06-04 16:48:00"
1521,338,DJS567,BUS906E,6,2,"2020-06-04 16:50:00"
1522,338,DJS567,BUS948,1,1,"2020-06-04 16:51:00"
1523,338,DJS567,BUS458,6,2,"2020-06-04 16:53:00"
1524,338,DJS567,BUS200S,0,0,"2020-06-04 16:55:00"
1525,338,DJS567,BUS330SW,0,3,"2020-06-04 16:56:00"
1526,338,DJS567,BUS797N,1,0,"2020-06-04 16:00:00"
1527,338,DJS567,BUS386,2,3,"2020-06-04 16:01:00"
1528,338,DJS567,BUS721,0,0,"2020-06-04 16:03:00"
1529,338,DJS567,BUS765NE,1,2,"2020-06-04 16:05:00"
1530,338,DJS567,BUS118,0,1,"2020-06-04 16:06:00"
1531,338,DJS567,BUS674,2,0,"2020-06-04 16:08:00"
1532,338,DJS567,BUS405,0,2,"2020-06-04 16:10:00"
1533,338,DJS567,BUS279,2,0,"2020-06-04 16:11:00"
1534,338,DJS567,BUS431,1,1,"2020-06-04 16:13:00"
1535,338,DJS567,BUS113NW,0,1,"2020-06-04 16:15:00"
1536,338,DJS567,BUS730,2,2,"2020-06-04 16:16:00"
1537,338,DJS567,BUS378NW,1,0,"2020-06-04 16:18:00"
1538,338,DJS567,BUS671,1,1,"2020-06-04 16:20:00"
1539,338,DJS567,BUS215,1,0,"2020-06-04 16:21:00"
1540,338,DJS567,BUS699SW,0,6,"2020-06-04 16:23:00"
1541,441,DJS567,BUS889,2,0,"2020-06-04 16:25:00"
1542,441,DJS567,BUS472S,1,1,"2020-06-04 16:26:00"
1543,441,DJS567,BUS850,1,0,"2020-06-04 16:28:00"
1544,441,DJS567,BUS394,3,3,"2020-06-04 16:30:00"
1545,441,DJS567,BUS130,1,3,"2020-06-04 16:31:00"
1546,441,DJS567,BUS974,1,2,"2020-06-04 16:33:00"
1547,441,DJS567,BUS931,4,3,"2020-06-04 16:35:00"
1548,441,DJS567,BUS511NW,2,1,"2020-06-04 16:36:00"
1549,441,DJS567,BUS949,1,3,"2020-06-04 16:38:00"
1550,441,DJS567,BUS669,5,2,"2020-06-04 16:40:00"
1551,441,DJS567,BUS108,2,3,"2020-06-04 16:41:00"
1552,441,DJS567,BUS207,3,2,"2020-06-04 16:43:00"
1553,441,DJS567,BUS735E,2,3,"2020-06-04 16:45:00"
1554,441,DJS567,BUS875SW,2,3,"2020-06-04 16:46:00"
1555,441,DJS567,BUS240,2,3,"2020-06-04 16:48:00"
1556,441,DJS567,BUS906E,6,2,"2020-06-04 16:50:00"
1557,441,DJS567,BUS948,1,1,"2020-06-04 16:51:00"
1558,441,DJS567,BUS458,6,2,"2020-06-04 16:53:00"
1559,441,DJS567,BUS200S,0,0,"2020-06-04 16:55:00"
1560,441,DJS567,BUS330SW,0,3,"2020-06-04 16:56:00"
1561,441,DJS567,BUS797N,1,0,"2020-06-04 17:00:00"
1562,441,DJS567,BUS386,2,3,"2020-06-04 17:01:00"
1563,441,DJS567,BUS721,0,0,"2020-06-04 17:03:00"
1564,441,DJS567,BUS765NE,1,2,"2020-06-04 17:05:00"
1565,441,DJS567,BUS118,0,1,"2020-06-04 17:06:00"
1566,441,DJS567,BUS674,2,0,"2020-06-04 17:08:00"
1567,441,DJS567,BUS405,0,2,"2020-06-04 17:10:00"
1568,441,DJS567,BUS279,2,0,"2020-06-04 17:11:00"
1569,441,DJS567,BUS431,1,1,"2020-06-04 17:13:00"
1570,441,DJS567,BUS113NW,0,1,"2020-06-04 17:15:00"
1571,441,DJS567,BUS730,2,2,"2020-06-04 17:16:00"
1572,441,DJS567,BUS378NW,1,0,"2020-06-04 17:18:00"
1573,441,DJS567,BUS671,1,1,"2020-06-04 17:20:00"
1574,441,DJS567,BUS215,1,0,"2020-06-04 17:21:00"
1575,441,DJS567,BUS699SW,0,6,"2020-06-04 17:23:00"
1576,449,DJS567,BUS889,2,0,"2020-06-04 17:25:00"
1577,449,DJS567,BUS472S,1,1,"2020-06-04 17:26:00"
1578,449,DJS567,BUS850,1,0,"2020-06-04 17:28:00"
1579,449,DJS567,BUS394,3,3,"2020-06-04 17:30:00"
1580,449,DJS567,BUS130,1,3,"2020-06-04 17:31:00"
1581,449,DJS567,BUS974,1,2,"2020-06-04 17:33:00"
1582,449,DJS567,BUS931,4,3,"2020-06-04 17:35:00"
1583,449,DJS567,BUS511NW,2,1,"2020-06-04 17:36:00"
1584,449,DJS567,BUS949,1,3,"2020-06-04 17:38:00"
1585,449,DJS567,BUS669,5,2,"2020-06-04 17:40:00"
1586,449,DJS567,BUS108,2,3,"2020-06-04 17:41:00"
1587,449,DJS567,BUS207,3,2,"2020-06-04 17:43:00"
1588,449,DJS567,BUS735E,2,3,"2020-06-04 17:45:00"
1589,449,DJS567,BUS875SW,2,3,"2020-06-04 17:46:00"
1590,449,DJS567,BUS240,2,3,"2020-06-04 17:48:00"
1591,449,DJS567,BUS906E,6,2,"2020-06-04 17:50:00"
1592,449,DJS567,BUS948,1,1,"2020-06-04 17:51:00"
1593,449,DJS567,BUS458,6,2,"2020-06-04 17:53:00"
1594,449,DJS567,BUS200S,0,0,"2020-06-04 17:55:00"
1595,449,DJS567,BUS330SW,0,3,"2020-06-04 17:56:00"
1596,449,DJS567,BUS797N,1,0,"2020-06-04 17:00:00"
1597,449,DJS567,BUS386,2,3,"2020-06-04 17:01:00"
1598,449,DJS567,BUS721,0,0,"2020-06-04 17:03:00"
1599,449,DJS567,BUS765NE,1,2,"2020-06-04 17:05:00"
1600,449,DJS567,BUS118,0,1,"2020-06-04 17:06:00"
1601,449,DJS567,BUS674,2,0,"2020-06-04 17:08:00"
1602,449,DJS567,BUS405,0,2,"2020-06-04 17:10:00"
1603,449,DJS567,BUS279,2,0,"2020-06-04 17:11:00"
1604,449,DJS567,BUS431,1,1,"2020-06-04 17:13:00"
1605,449,DJS567,BUS113NW,0,1,"2020-06-04 17:15:00"
1606,449,DJS567,BUS730,2,2,"2020-06-04 17:16:00"
1607,449,DJS567,BUS378NW,1,0,"2020-06-04 17:18:00"
1608,449,DJS567,BUS671,1,1,"2020-06-04 17:20:00"
1609,449,DJS567,BUS215,1,0,"2020-06-04 17:21:00"
1610,449,DJS567,BUS699SW,0,6,"2020-06-04 17:23:00"
1611,473,DJS567,BUS889,2,0,"2020-06-04 17:25:00"
1612,473,DJS567,BUS472S,1,1,"2020-06-04 17:26:00"
1613,473,DJS567,BUS850,1,0,"2020-06-04 17:28:00"
1614,473,DJS567,BUS394,3,3,"2020-06-04 17:30:00"
1615,473,DJS567,BUS130,1,3,"2020-06-04 17:31:00"
1616,473,DJS567,BUS974,1,2,"2020-06-04 17:33:00"
1617,473,DJS567,BUS931,4,3,"2020-06-04 17:35:00"
1618,473,DJS567,BUS511NW,2,1,"2020-06-04 17:36:00"
1619,473,DJS567,BUS949,1,3,"2020-06-04 17:38:00"
1620,473,DJS567,BUS669,5,2,"2020-06-04 17:40:00"
1621,473,DJS567,BUS108,2,3,"2020-06-04 17:41:00"
1622,473,DJS567,BUS207,3,2,"2020-06-04 17:43:00"
1623,473,DJS567,BUS735E,2,3,"2020-06-04 17:45:00"
1624,473,DJS567,BUS875SW,2,3,"2020-06-04 17:46:00"
1625,473,DJS567,BUS240,2,3,"2020-06-04 17:48:00"
1626,473,DJS567,BUS906E,6,2,"2020-06-04 17:50:00"
1627,473,DJS567,BUS948,1,1,"2020-06-04 17:51:00"
1628,473,DJS567,BUS458,6,2,"2020-06-04 17:53:00"
1629,473,DJS567,BUS200S,0,0,"2020-06-04 17:55:00"
1630,473,DJS567,BUS330SW,0,3,"2020-06-04 17:56:00"
1631,473,DJS567,BUS797N,1,0,"2020-06-04 18:00:00"
1632,473,DJS567,BUS386,2,3,"2020-06-04 18:01:00"
1633,473,DJS567,BUS721,0,0,"2020-06-04 18:03:00"
1634,473,DJS567,BUS765NE,1,2,"2020-06-04 18:05:00"
1635,473,DJS567,BUS118,0,1,"2020-06-04 18:06:00"
1636,473,DJS567,BUS674,2,0,"2020-06-04 18:08:00"
1637,473,DJS567,BUS405,0,2,"2020-06-04 18:10:00"
1638,473,DJS567,BUS279,2,0,"2020-06-04 18:11:00"
1639,473,DJS567,BUS431,1,1,"2020-06-04 18:13:00"
1640,473,DJS567,BUS113NW,0,1,"2020-06-04 18:15:00"
1641,473,DJS567,BUS730,2,2,"2020-06-04 18:16:00"
1642,473,DJS567,BUS378NW,1,0,"2020-06-04 18:18:00"
1643,473,DJS567,BUS671,1,1,"2020-06-04 18:20:00"
1644,473,DJS567,BUS215,1,0,"2020-06-04 18:21:00"
1645,473,DJS567,BUS699SW,0,6,"2020-06-04 18:23:00"
1646,497,DJS567,BUS889,3,0,"2020-06-04 18:25:00"
1647,497,DJS567,BUS472S,3,1,"2020-06-04 18:26:00"
1648,497,DJS567,BUS850,5,0,"2020-06-04 18:28:00"
1649,497,DJS567,BUS394,7,3,"2020-06-04 18:30:00"
1650,497,DJS567,BUS130,9,3,"2020-06-04 18:31:00"
1651,497,DJS567,BUS974,1,2,"2020-06-04 18:33:00"
1652,497,DJS567,BUS931,4,3,"2020-06-04 18:35:00"
1653,497,DJS567,BUS511NW,2,1,"2020-06-04 18:36:00"
1654,497,DJS567,BUS949,3,3,"2020-06-04 18:38:00"
1655,497,DJS567,BUS669,5,2,"2020-06-04 18:40:00"
1656,497,DJS567,BUS108,5,3,"2020-06-04 18:41:00"
1657,497,DJS567,BUS207,3,2,"2020-06-04 18:43:00"
1658,497,DJS567,BUS735E,2,3,"2020-06-04 18:45:00"
1659,497,DJS567,BUS875SW,4,3,"2020-06-04 18:46:00"
1660,497,DJS567,BUS240,2,3,"2020-06-04 18:48:00"
1661,497,DJS567,BUS906E,6,2,"2020-06-04 18:50:00"
1662,497,DJS567,BUS948,2,1,"2020-06-04 18:51:00"
1663,497,DJS567,BUS458,5,2,"2020-06-04 18:53:00"
1664,497,DJS567,BUS200S,0,2,"2020-06-04 18:55:00"
1665,497,DJS567,BUS330SW,0,3,"2020-06-04 18:56:00"
1666,497,DJS567,BUS797N,1,2,"2020-06-04 18:00:00"
1667,497,DJS567,BUS386,2,3,"2020-06-04 18:01:00"
1668,497,DJS567,BUS721,4,3,"2020-06-04 18:03:00"
1669,497,DJS567,BUS765NE,1,2,"2020-06-04 18:05:00"
1670,497,DJS567,BUS118,1,1,"2020-06-04 18:06:00"
1671,497,DJS567,BUS674,2,0,"2020-06-04 18:08:00"
1672,497,DJS567,BUS405,0,2,"2020-06-04 18:10:00"
1673,497,DJS567,BUS279,2,3,"2020-06-04 18:11:00"
1674,497,DJS567,BUS431,1,1,"2020-06-04 18:13:00"
1675,497,DJS567,BUS113NW,0,1,"2020-06-04 18:15:00"
1676,497,DJS567,BUS730,2,2,"2020-06-04 18:16:00"
1677,497,DJS567,BUS378NW,1,11,"2020-06-04 18:18:00"
1678,497,DJS567,BUS671,1,5,"2020-06-04 18:20:00"
1679,497,DJS567,BUS215,1,2,"2020-06-04 18:21:00"
1680,497,DJS567,BUS699SW,0,6,"2020-06-04 18:23:00"
1681,513,DJS567,BUS889,2,0,"2020-06-04 18:25:00"
1682,513,DJS567,BUS472S,1,1,"2020-06-04 18:26:00"
1683,513,DJS567,BUS850,1,0,"2020-06-04 18:28:00"
1684,513,DJS567,BUS394,3,3,"2020-06-04 18:30:00"
1685,513,DJS567,BUS130,1,3,"2020-06-04 18:31:00"
1686,513,DJS567,BUS974,1,2,"2020-06-04 18:33:00"
1687,513,DJS567,BUS931,4,3,"2020-06-04 18:35:00"
1688,513,DJS567,BUS511NW,2,1,"2020-06-04 18:36:00"
1689,513,DJS567,BUS949,1,3,"2020-06-04 18:38:00"
1690,513,DJS567,BUS669,5,2,"2020-06-04 18:40:00"
1691,513,DJS567,BUS108,2,3,"2020-06-04 18:41:00"
1692,513,DJS567,BUS207,3,2,"2020-06-04 18:43:00"
1693,513,DJS567,BUS735E,2,3,"2020-06-04 18:45:00"
1694,513,DJS567,BUS875SW,2,3,"2020-06-04 18:46:00"
1695,513,DJS567,BUS240,2,3,"2020-06-04 18:48:00"
1696,513,DJS567,BUS906E,6,2,"2020-06-04 18:50:00"
1697,513,DJS567,BUS948,1,1,"2020-06-04 18:51:00"
1698,513,DJS567,BUS458,6,2,"2020-06-04 18:53:00"
1699,513,DJS567,BUS200S,0,0,"2020-06-04 18:55:00"
1700,513,DJS567,BUS330SW,0,3,"2020-06-04 18:56:00"
1701,513,DJS567,BUS797N,1,0,"2020-06-04 18:56:00"
1702,513,DJS567,BUS386,2,3,"2020-06-04 09:00:00"
1703,513,DJS567,BUS721,0,0,"2020-06-04 09:01:00"
1704,513,DJS567,BUS765NE,1,2,"2020-06-04 09:03:00"
1705,513,DJS567,BUS118,0,1,"2020-06-04 09:05:00"
1706,513,DJS567,BUS674,2,0,"2020-06-04 09:06:00"
1707,513,DJS567,BUS405,0,2,"2020-06-04 09:08:00"
1708,513,DJS567,BUS279,2,0,"2020-06-04 09:10:00"
1709,513,DJS567,BUS431,1,1,"2020-06-04 09:11:00"
1710,513,DJS567,BUS113NW,0,1,"2020-06-04 09:13:00"
1711,513,DJS567,BUS730,2,2,"2020-06-04 09:15:00"
1712,513,DJS567,BUS378NW,1,0,"2020-06-04 09:16:00"
1713,513,DJS567,BUS671,1,1,"2020-06-04 09:18:00"
1714,513,DJS567,BUS215,1,0,"2020-06-04 09:20:00"
1715,513,DJS567,BUS699SW,0,6,"2020-06-04 09:21:00"
1716,614,DJS567,BUS889,2,0,"2020-06-04 09:23:00"
1717,614,DJS567,BUS472S,1,1,"2020-06-04 09:25:00"
1718,614,DJS567,BUS850,1,0,"2020-06-04 09:26:00"
1719,614,DJS567,BUS394,3,3,"2020-06-04 09:28:00"
1720,614,DJS567,BUS130,1,3,"2020-06-04 09:30:00"
1721,614,DJS567,BUS974,1,2,"2020-06-04 09:31:00"
1722,614,DJS567,BUS931,4,3,"2020-06-04 09:33:00"
1723,614,DJS567,BUS511NW,2,1,"2020-06-04 09:35:00"
1724,614,DJS567,BUS949,1,3,"2020-06-04 09:36:00"
1725,614,DJS567,BUS669,5,2,"2020-06-04 09:38:00"
1726,614,DJS567,BUS108,2,3,"2020-06-04 09:40:00"
1727,614,DJS567,BUS207,3,2,"2020-06-04 09:41:00"
1728,614,DJS567,BUS735E,2,3,"2020-06-04 09:43:00"
1729,614,DJS567,BUS875SW,2,3,"2020-06-04 09:45:00"
1730,614,DJS567,BUS240,2,3,"2020-06-04 09:46:00"
1731,614,DJS567,BUS906E,6,2,"2020-06-04 09:48:00"
1732,614,DJS567,BUS948,1,1,"2020-06-04 09:50:00"
1733,614,DJS567,BUS458,6,2,"2020-06-04 09:51:00"
1734,614,DJS567,BUS200S,0,0,"2020-06-04 09:53:00"
1735,614,DJS567,BUS330SW,0,3,"2020-06-04 09:55:00"
1736,614,DJS567,BUS797N,1,0,"2020-06-04 09:56:00"
1737,614,DJS567,BUS386,2,3,"2020-06-04 09:00:00"
1738,614,DJS567,BUS721,0,0,"2020-06-04 09:01:00"
1739,614,DJS567,BUS765NE,1,2,"2020-06-04 09:03:00"
1740,614,DJS567,BUS118,0,1,"2020-06-04 09:05:00"
1741,614,DJS567,BUS674,2,0,"2020-06-04 09:06:00"
1742,614,DJS567,BUS405,0,2,"2020-06-04 09:08:00"
1743,614,DJS567,BUS279,2,0,"2020-06-04 09:10:00"
1744,614,DJS567,BUS431,1,1,"2020-06-04 09:11:00"
1745,614,DJS567,BUS113NW,0,1,"2020-06-04 09:13:00"
1746,614,DJS567,BUS730,2,2,"2020-06-04 09:15:00"
1747,614,DJS567,BUS378NW,1,0,"2020-06-04 09:16:00"
1748,614,DJS567,BUS671,1,1,"2020-06-04 09:18:00"
1749,614,DJS567,BUS215,1,0,"2020-06-04 09:20:00"
1750,614,DJS567,BUS699SW,0,6,"2020-06-04 09:21:00"
1751,622,DJS567,BUS889,2,0,"2020-06-04 09:23:00"
1752,622,DJS567,BUS472S,1,1,"2020-06-04 09:25:00"
1753,622,DJS567,BUS850,1,0,"2020-06-04 09:26:00"
1754,622,DJS567,BUS394,3,3,"2020-06-04 09:28:00"
1755,622,DJS567,BUS130,1,3,"2020-06-04 09:30:00"
1756,622,DJS567,BUS974,1,2,"2020-06-04 09:31:00"
1757,622,DJS567,BUS931,4,3,"2020-06-04 09:33:00"
1758,622,DJS567,BUS511NW,2,1,"2020-06-04 09:35:00"
1759,622,DJS567,BUS949,1,3,"2020-06-04 09:36:00"
1760,622,DJS567,BUS669,5,2,"2020-06-04 09:38:00"
1761,622,DJS567,BUS108,2,3,"2020-06-04 09:40:00"
1762,622,DJS567,BUS207,3,2,"2020-06-04 09:41:00"
1763,622,DJS567,BUS735E,2,3,"2020-06-04 09:43:00"
1764,622,DJS567,BUS875SW,2,3,"2020-06-04 09:45:00"
1765,622,DJS567,BUS240,2,3,"2020-06-04 09:46:00"
1766,622,DJS567,BUS906E,6,2,"2020-06-04 09:48:00"
1767,622,DJS567,BUS948,1,1,"2020-06-04 09:50:00"
1768,622,DJS567,BUS458,6,2,"2020-06-04 09:51:00"
1769,622,DJS567,BUS200S,0,0,"2020-06-04 09:53:00"
1770,622,DJS567,BUS330SW,0,3,"2020-06-04 09:55:00"
1771,622,DJS567,BUS797N,1,0,"2020-06-04 09:56:00"
1772,622,DJS567,BUS386,2,3,"2020-06-04 10:00:00"
1773,622,DJS567,BUS721,0,0,"2020-06-04 10:01:00"
1774,622,DJS567,BUS765NE,1,2,"2020-06-04 10:03:00"
1775,622,DJS567,BUS118,0,1,"2020-06-04 10:05:00"
1776,622,DJS567,BUS674,2,0,"2020-06-04 10:06:00"
1777,622,DJS567,BUS405,0,2,"2020-06-04 10:08:00"
1778,622,DJS567,BUS279,2,0,"2020-06-04 10:10:00"
1779,622,DJS567,BUS431,1,1,"2020-06-04 10:11:00"
1780,622,DJS567,BUS113NW,0,1,"2020-06-04 10:13:00"
1781,622,DJS567,BUS730,2,2,"2020-06-04 10:15:00"
1782,622,DJS567,BUS378NW,1,0,"2020-06-04 10:16:00"
1783,622,DJS567,BUS671,1,1,"2020-06-04 10:18:00"
1784,622,DJS567,BUS215,1,0,"2020-06-04 10:20:00"
1785,622,DJS567,BUS699SW,0,6,"2020-06-04 10:21:00"
1786,646,DJS567,BUS889,2,0,"2020-06-04 10:23:00"
1787,646,DJS567,BUS472S,1,1,"2020-06-04 10:25:00"
1788,646,DJS567,BUS850,1,0,"2020-06-04 10:26:00"
1789,646,DJS567,BUS394,3,3,"2020-06-04 10:28:00"
1790,646,DJS567,BUS130,1,3,"2020-06-04 10:30:00"
1791,646,DJS567,BUS974,1,2,"2020-06-04 10:31:00"
1792,646,DJS567,BUS931,4,3,"2020-06-04 10:33:00"
1793,646,DJS567,BUS511NW,2,1,"2020-06-04 10:35:00"
1794,646,DJS567,BUS949,1,3,"2020-06-04 10:36:00"
1795,646,DJS567,BUS669,5,2,"2020-06-04 10:38:00"
1796,646,DJS567,BUS108,2,3,"2020-06-04 10:40:00"
1797,646,DJS567,BUS207,3,2,"2020-06-04 10:41:00"
1798,646,DJS567,BUS735E,2,3,"2020-06-04 10:43:00"
1799,646,DJS567,BUS875SW,2,3,"2020-06-04 10:45:00"
1800,646,DJS567,BUS240,2,3,"2020-06-04 10:46:00"
1801,646,DJS567,BUS906E,6,2,"2020-06-04 10:48:00"
1802,646,DJS567,BUS948,1,1,"2020-06-04 10:50:00"
1803,646,DJS567,BUS458,6,2,"2020-06-04 10:51:00"
1804,646,DJS567,BUS200S,0,0,"2020-06-04 10:53:00"
1805,646,DJS567,BUS330SW,0,3,"2020-06-04 10:55:00"
1806,646,DJS567,BUS797N,1,0,"2020-06-04 10:56:00"
1807,646,DJS567,BUS386,2,3,"2020-06-04 10:00:00"
1808,646,DJS567,BUS721,0,0,"2020-06-04 10:01:00"
1809,646,DJS567,BUS765NE,1,2,"2020-06-04 10:03:00"
1810,646,DJS567,BUS118,0,1,"2020-06-04 10:05:00"
1811,646,DJS567,BUS674,2,0,"2020-06-04 10:06:00"
1812,646,DJS567,BUS405,0,2,"2020-06-04 10:08:00"
1813,646,DJS567,BUS279,2,0,"2020-06-04 10:10:00"
1814,646,DJS567,BUS431,1,1,"2020-06-04 10:11:00"
1815,646,DJS567,BUS113NW,0,1,"2020-06-04 10:13:00"
1816,646,DJS567,BUS730,2,2,"2020-06-04 10:15:00"
1817,646,DJS567,BUS378NW,1,0,"2020-06-04 10:16:00"
1818,646,DJS567,BUS671,1,1,"2020-06-04 10:18:00"
1819,646,DJS567,BUS215,1,0,"2020-06-04 10:20:00"
1820,646,DJS567,BUS699SW,0,6,"2020-06-04 10:21:00"
1821,670,DJS567,BUS889,3,0,"2020-06-04 10:23:00"
1822,670,DJS567,BUS472S,3,1,"2020-06-04 10:25:00"
1823,670,DJS567,BUS850,5,0,"2020-06-04 10:26:00"
1824,670,DJS567,BUS394,7,3,"2020-06-04 10:28:00"
1825,670,DJS567,BUS130,9,3,"2020-06-04 10:30:00"
1826,670,DJS567,BUS974,1,2,"2020-06-04 10:31:00"
1827,670,DJS567,BUS931,4,3,"2020-06-04 10:33:00"
1828,670,DJS567,BUS511NW,2,1,"2020-06-04 10:35:00"
1829,670,DJS567,BUS949,3,3,"2020-06-04 10:36:00"
1830,670,DJS567,BUS669,5,2,"2020-06-04 10:38:00"
1831,670,DJS567,BUS108,6,3,"2020-06-04 10:40:00"
1832,670,DJS567,BUS207,3,2,"2020-06-04 10:41:00"
1833,670,DJS567,BUS735E,2,3,"2020-06-04 10:43:00"
1834,670,DJS567,BUS875SW,4,3,"2020-06-04 10:45:00"
1835,670,DJS567,BUS240,2,3,"2020-06-04 10:46:00"
1836,670,DJS567,BUS906E,6,2,"2020-06-04 10:48:00"
1837,670,DJS567,BUS948,2,1,"2020-06-04 10:50:00"
1838,670,DJS567,BUS458,5,2,"2020-06-04 10:51:00"
1839,670,DJS567,BUS200S,0,2,"2020-06-04 10:53:00"
1840,670,DJS567,BUS330SW,0,3,"2020-06-04 10:55:00"
1841,670,DJS567,BUS797N,1,2,"2020-06-04 10:56:00"
1842,670,DJS567,BUS386,2,3,"2020-06-04 11:00:00"
1843,670,DJS567,BUS721,0,3,"2020-06-04 11:01:00"
1844,670,DJS567,BUS765NE,1,2,"2020-06-04 11:03:00"
1845,670,DJS567,BUS118,1,1,"2020-06-04 11:05:00"
1846,670,DJS567,BUS674,2,0,"2020-06-04 11:06:00"
1847,670,DJS567,BUS405,0,2,"2020-06-04 11:08:00"
1848,670,DJS567,BUS279,2,3,"2020-06-04 11:10:00"
1849,670,DJS567,BUS431,1,1,"2020-06-04 11:11:00"
1850,670,DJS567,BUS113NW,0,1,"2020-06-04 11:13:00"
1851,670,DJS567,BUS730,2,2,"2020-06-04 11:15:00"
1852,670,DJS567,BUS378NW,1,11,"2020-06-04 11:16:00"
1853,670,DJS567,BUS671,1,5,"2020-06-04 11:18:00"
1854,670,DJS567,BUS215,1,2,"2020-06-04 11:20:00"
1855,670,DJS567,BUS699SW,0,6,"2020-06-04 11:21:00"
1856,686,DJS567,BUS889,2,0,"2020-06-04 11:23:00"
1857,686,DJS567,BUS472S,1,1,"2020-06-04 11:25:00"
1858,686,DJS567,BUS850,1,0,"2020-06-04 11:26:00"
1859,686,DJS567,BUS394,3,3,"2020-06-04 11:28:00"
1860,686,DJS567,BUS130,1,3,"2020-06-04 11:30:00"
1861,686,DJS567,BUS974,1,2,"2020-06-04 11:31:00"
1862,686,DJS567,BUS931,4,3,"2020-06-04 11:33:00"
1863,686,DJS567,BUS511NW,2,1,"2020-06-04 11:35:00"
1864,686,DJS567,BUS949,1,3,"2020-06-04 11:36:00"
1865,686,DJS567,BUS669,5,2,"2020-06-04 11:38:00"
1866,686,DJS567,BUS108,2,3,"2020-06-04 11:40:00"
1867,686,DJS567,BUS207,3,2,"2020-06-04 11:41:00"
1868,686,DJS567,BUS735E,2,3,"2020-06-04 11:43:00"
1869,686,DJS567,BUS875SW,2,3,"2020-06-04 11:45:00"
1870,686,DJS567,BUS240,2,3,"2020-06-04 11:46:00"
1871,686,DJS567,BUS906E,6,2,"2020-06-04 11:48:00"
1872,686,DJS567,BUS948,1,1,"2020-06-04 11:50:00"
1873,686,DJS567,BUS458,6,2,"2020-06-04 11:51:00"
1874,686,DJS567,BUS200S,0,0,"2020-06-04 11:53:00"
1875,686,DJS567,BUS330SW,0,3,"2020-06-04 11:55:00"
1876,686,DJS567,BUS797N,1,0,"2020-06-04 11:56:00"
1877,686,DJS567,BUS386,2,3,"2020-06-04 11:00:00"
1878,686,DJS567,BUS721,0,0,"2020-06-04 11:01:00"
1879,686,DJS567,BUS765NE,1,2,"2020-06-04 11:03:00"
1880,686,DJS567,BUS118,0,1,"2020-06-04 11:05:00"
1881,686,DJS567,BUS674,2,0,"2020-06-04 11:06:00"
1882,686,DJS567,BUS405,0,2,"2020-06-04 11:08:00"
1883,686,DJS567,BUS279,2,0,"2020-06-04 11:10:00"
1884,686,DJS567,BUS431,1,1,"2020-06-04 11:11:00"
1885,686,DJS567,BUS113NW,0,1,"2020-06-04 11:13:00"
1886,686,DJS567,BUS730,2,2,"2020-06-04 11:15:00"
1887,686,DJS567,BUS378NW,1,0,"2020-06-04 11:16:00"
1888,686,DJS567,BUS671,1,1,"2020-06-04 11:18:00"
1889,686,DJS567,BUS215,1,0,"2020-06-04 11:20:00"
1890,686,DJS567,BUS699SW,0,6,"2020-06-04 11:21:00"
1891,798,DJS567,BUS889,2,0,"2020-06-04 11:23:00"
1892,798,DJS567,BUS472S,1,1,"2020-06-04 11:25:00"
1893,798,DJS567,BUS850,1,0,"2020-06-04 11:26:00"
1894,798,DJS567,BUS394,3,3,"2020-06-04 11:28:00"
1895,798,DJS567,BUS130,1,3,"2020-06-04 11:30:00"
1896,798,DJS567,BUS974,1,2,"2020-06-04 11:31:00"
1897,798,DJS567,BUS931,4,3,"2020-06-04 11:33:00"
1898,798,DJS567,BUS511NW,2,1,"2020-06-04 11:35:00"
1899,798,DJS567,BUS949,1,3,"2020-06-04 11:36:00"
1900,798,DJS567,BUS669,5,2,"2020-06-04 11:38:00"
1901,798,DJS567,BUS108,2,3,"2020-06-04 11:40:00"
1902,798,DJS567,BUS207,3,2,"2020-06-04 11:41:00"
1903,798,DJS567,BUS735E,2,3,"2020-06-04 11:43:00"
1904,798,DJS567,BUS875SW,2,3,"2020-06-04 11:45:00"
1905,798,DJS567,BUS240,2,3,"2020-06-04 11:46:00"
1906,798,DJS567,BUS906E,6,2,"2020-06-04 11:48:00"
1907,798,DJS567,BUS948,1,1,"2020-06-04 11:50:00"
1908,798,DJS567,BUS458,6,2,"2020-06-04 11:51:00"
1909,798,DJS567,BUS200S,0,0,"2020-06-04 11:53:00"
1910,798,DJS567,BUS330SW,0,3,"2020-06-04 11:55:00"
1911,798,DJS567,BUS797N,1,0,"2020-06-04 11:56:00"
1912,798,DJS567,BUS386,2,3,"2020-06-04 12:00:00"
1913,798,DJS567,BUS721,0,0,"2020-06-04 12:01:00"
1914,798,DJS567,BUS765NE,1,2,"2020-06-04 12:03:00"
1915,798,DJS567,BUS118,0,1,"2020-06-04 12:05:00"
1916,798,DJS567,BUS674,2,0,"2020-06-04 12:06:00"
1917,798,DJS567,BUS405,0,2,"2020-06-04 12:08:00"
1918,798,DJS567,BUS279,2,0,"2020-06-04 12:10:00"
1919,798,DJS567,BUS431,1,1,"2020-06-04 12:11:00"
1920,798,DJS567,BUS113NW,0,1,"2020-06-04 12:13:00"
1921,798,DJS567,BUS730,2,2,"2020-06-04 12:15:00"
1922,798,DJS567,BUS378NW,1,0,"2020-06-04 12:16:00"
1923,798,DJS567,BUS671,1,1,"2020-06-04 12:18:00"
1924,798,DJS567,BUS215,1,0,"2020-06-04 12:20:00"
1925,798,DJS567,BUS699SW,0,6,"2020-06-04 12:21:00"
1926,838,DJS567,BUS889,3,0,"2020-06-04 12:23:00"
1927,838,DJS567,BUS472S,3,1,"2020-06-04 12:25:00"
1928,838,DJS567,BUS850,5,0,"2020-06-04 12:26:00"
1929,838,DJS567,BUS394,7,3,"2020-06-04 12:28:00"
1930,838,DJS567,BUS130,9,3,"2020-06-04 12:30:00"
1931,838,DJS567,BUS974,1,2,"2020-06-04 12:31:00"
1932,838,DJS567,BUS931,4,3,"2020-06-04 12:33:00"
1933,838,DJS567,BUS511NW,2,1,"2020-06-04 12:35:00"
1934,838,DJS567,BUS949,3,3,"2020-06-04 12:36:00"
1935,838,DJS567,BUS669,5,2,"2020-06-04 12:38:00"
1936,838,DJS567,BUS108,5,3,"2020-06-04 12:40:00"
1937,838,DJS567,BUS207,3,2,"2020-06-04 12:41:00"
1938,838,DJS567,BUS735E,3,3,"2020-06-04 12:43:00"
1939,838,DJS567,BUS875SW,4,3,"2020-06-04 12:45:00"
1940,838,DJS567,BUS240,2,3,"2020-06-04 12:46:00"
1941,838,DJS567,BUS906E,6,2,"2020-06-04 12:48:00"
1942,838,DJS567,BUS948,2,1,"2020-06-04 12:50:00"
1943,838,DJS567,BUS458,5,2,"2020-06-04 12:51:00"
1944,838,DJS567,BUS200S,0,2,"2020-06-04 12:53:00"
1945,838,DJS567,BUS330SW,0,3,"2020-06-04 12:55:00"
1946,838,DJS567,BUS797N,1,2,"2020-06-04 12:56:00"
1947,838,DJS567,BUS386,2,3,"2020-06-04 12:00:00"
1948,838,DJS567,BUS721,0,3,"2020-06-04 12:01:00"
1949,838,DJS567,BUS765NE,1,2,"2020-06-04 12:03:00"
1950,838,DJS567,BUS118,1,1,"2020-06-04 12:05:00"
1951,838,DJS567,BUS674,2,0,"2020-06-04 12:06:00"
1952,838,DJS567,BUS405,0,2,"2020-06-04 12:08:00"
1953,838,DJS567,BUS279,2,3,"2020-06-04 12:10:00"
1954,838,DJS567,BUS431,1,1,"2020-06-04 12:11:00"
1955,838,DJS567,BUS113NW,0,1,"2020-06-04 12:13:00"
1956,838,DJS567,BUS730,2,2,"2020-06-04 12:15:00"
1957,838,DJS567,BUS378NW,1,11,"2020-06-04 12:16:00"
1958,838,DJS567,BUS671,1,5,"2020-06-04 12:18:00"
1959,838,DJS567,BUS215,1,2,"2020-06-04 12:20:00"
1960,838,DJS567,BUS699SW,0,6,"2020-06-04 12:21:00"
1961,854,DJS567,BUS889,2,0,"2020-06-04 12:23:00"
1962,854,DJS567,BUS472S,1,1,"2020-06-04 12:25:00"
1963,854,DJS567,BUS850,1,0,"2020-06-04 12:26:00"
1964,854,DJS567,BUS394,3,3,"2020-06-04 12:28:00"
1965,854,DJS567,BUS130,1,3,"2020-06-04 12:30:00"
1966,854,DJS567,BUS974,1,2,"2020-06-04 12:31:00"
1967,854,DJS567,BUS931,4,3,"2020-06-04 12:33:00"
1968,854,DJS567,BUS511NW,2,1,"2020-06-04 12:35:00"
1969,854,DJS567,BUS949,1,3,"2020-06-04 12:36:00"
1970,854,DJS567,BUS669,5,2,"2020-06-04 12:38:00"
1971,854,DJS567,BUS108,2,3,"2020-06-04 12:40:00"
1972,854,DJS567,BUS207,3,2,"2020-06-04 12:41:00"
1973,854,DJS567,BUS735E,2,3,"2020-06-04 12:43:00"
1974,854,DJS567,BUS875SW,2,3,"2020-06-04 12:45:00"
1975,854,DJS567,BUS240,2,3,"2020-06-04 12:46:00"
1976,854,DJS567,BUS906E,6,2,"2020-06-04 12:48:00"
1977,854,DJS567,BUS948,1,1,"2020-06-04 12:50:00"
1978,854,DJS567,BUS458,6,2,"2020-06-04 12:51:00"
1979,854,DJS567,BUS200S,0,0,"2020-06-04 12:53:00"
1980,854,DJS567,BUS330SW,0,3,"2020-06-04 12:55:00"
1981,854,DJS567,BUS797N,1,0,"2020-06-04 12:56:00"
1982,854,DJS567,BUS386,2,3,"2020-06-04 13:00:00"
1983,854,DJS567,BUS721,0,0,"2020-06-04 13:01:00"
1984,854,DJS567,BUS765NE,1,2,"2020-06-04 13:03:00"
1985,854,DJS567,BUS118,0,1,"2020-06-04 13:05:00"
1986,854,DJS567,BUS674,2,0,"2020-06-04 13:06:00"
1987,854,DJS567,BUS405,0,2,"2020-06-04 13:08:00"
1988,854,DJS567,BUS279,2,0,"2020-06-04 13:10:00"
1989,854,DJS567,BUS431,1,1,"2020-06-04 13:11:00"
1990,854,DJS567,BUS113NW,0,1,"2020-06-04 13:13:00"
1991,854,DJS567,BUS730,2,2,"2020-06-04 13:15:00"
1992,854,DJS567,BUS378NW,1,0,"2020-06-04 13:16:00"
1993,854,DJS567,BUS671,1,1,"2020-06-04 13:18:00"
1994,854,DJS567,BUS215,1,0,"2020-06-04 13:20:00"
1995,854,DJS567,BUS699SW,0,6,"2020-06-04 13:21:00"
1996,902,DJS567,BUS889,3,0,"2020-06-04 13:23:00"
1997,902,DJS567,BUS472S,3,1,"2020-06-04 13:25:00"
1998,902,DJS567,BUS850,5,0,"2020-06-04 13:26:00"
1999,902,DJS567,BUS394,7,3,"2020-06-04 13:28:00"
2000,902,DJS567,BUS130,9,3,"2020-06-04 13:30:00"
2001,902,DJS567,BUS974,1,2,"2020-06-04 13:31:00"
2002,902,DJS567,BUS931,4,3,"2020-06-04 13:33:00"
2003,902,DJS567,BUS511NW,2,1,"2020-06-04 13:35:00"
2004,902,DJS567,BUS949,3,3,"2020-06-04 13:36:00"
2005,902,DJS567,BUS669,5,2,"2020-06-04 13:38:00"
2006,902,DJS567,BUS108,5,3,"2020-06-04 13:40:00"
2007,902,DJS567,BUS207,3,2,"2020-06-04 13:41:00"
2008,902,DJS567,BUS735E,2,3,"2020-06-04 13:43:00"
2009,902,DJS567,BUS875SW,4,3,"2020-06-04 13:45:00"
2010,902,DJS567,BUS240,2,3,"2020-06-04 13:46:00"
2011,902,DJS567,BUS906E,6,2,"2020-06-04 13:48:00"
2012,902,DJS567,BUS948,2,1,"2020-06-04 13:50:00"
2013,902,DJS567,BUS458,5,2,"2020-06-04 13:51:00"
2014,902,DJS567,BUS200S,2,2,"2020-06-04 13:53:00"
2015,902,DJS567,BUS330SW,3,3,"2020-06-04 13:55:00"
2016,902,DJS567,BUS797N,1,2,"2020-06-04 13:56:00"
2017,902,DJS567,BUS386,2,3,"2020-06-04 13:00:00"
2018,902,DJS567,BUS721,0,3,"2020-06-04 13:01:00"
2019,902,DJS567,BUS765NE,1,2,"2020-06-04 13:03:00"
2020,902,DJS567,BUS118,1,1,"2020-06-04 13:05:00"
2021,902,DJS567,BUS674,2,2,"2020-06-04 13:06:00"
2022,902,DJS567,BUS405,0,2,"2020-06-04 13:08:00"
2023,902,DJS567,BUS279,2,3,"2020-06-04 13:10:00"
2024,902,DJS567,BUS431,1,1,"2020-06-04 13:11:00"
2025,902,DJS567,BUS113NW,0,1,"2020-06-04 13:13:00"
2026,902,DJS567,BUS730,2,2,"2020-06-04 13:15:00"
2027,902,DJS567,BUS378NW,1,11,"2020-06-04 13:16:00"
2028,902,DJS567,BUS671,1,5,"2020-06-04 13:18:00"
2029,902,DJS567,BUS215,1,2,"2020-06-04 13:20:00"
2030,902,DJS567,BUS699SW,0,6,"2020-06-04 13:21:00"
